# flow data source for Coyote Creek,,,,,,,,,,,
#    USGS 11172175 COYOTE C AB HWY 237 A MILPITAS CA,,,,,,,,,,,
# https://waterdata.usgs.gov/nwis/dv?referred_module=sw&site_no=11172175,,,,,,,,,,,
# constituent data from USGS San Francisco Water Quality monitoring station 36,,,,,,,,,,,
"# Cloern, J.E., and Schraga, T.S., 2016, USGS Measurements of Water Quality in San Francisco Bay (CA), 1969-2015 (ver. 3.0 June 2017): U. S. Geological Survey data release, https://doi.org/10.5066/F7TQ5ZPR. https://www.sciencebase.gov/catalog/item/5841f97ee4b04fc80e518d9f Schraga, T.S. & Cloern, J.E. Water Quality Measurements in San Francisco Bay by the U.S.Geological Survey, 1969-2015. Scientific Data 4:170098 doi:10.1038/sdata.2017.98 (2017). https://www.nature.com/articles/sdata201798",,,,,,,,,,,
# https://www.usgs.gov/centers/california-water-science-center/science/sampling-locations-water-quality-san-francisco-bay,,,,,,,,,,,
# https://www.usgs.gov/data/usgs-measurements-water-quality-san-francisco-bay-ca-2016-2021-ver-40-march-2023,,,,,,,,,,,
date,flow m3/s,Oxygen mmol/m3,Salinity PSU,Temperature C,Nitrite mmol/m3,Nitrate mmol/m3,Nitrate_Nitrite mmol/m3,Ammonium mmol/m3,Phosphate mmol/m3,Silicate mmol/m3,Chlorophyll mg/m3
1/1/2018,0.80986048,284.375,17.11,11.11,1,30.7,31.7,13.85,2.49,141.4,4.9
1/2/2018,0.81552384,284.375,17.11,11.11,1,30.7,31.7,13.85,2.49,141.4,4.9
1/3/2018,1.08453344,284.375,17.11,11.11,1,30.7,31.7,13.85,2.49,141.4,4.9
1/4/2018,2.8883136,284.375,17.11,11.11,1,30.7,31.7,13.85,2.49,141.4,4.9
1/5/2018,0.98542464,284.375,17.11,11.11,1,30.7,31.7,13.85,2.49,141.4,4.9
1/6/2018,1.2176224,284.375,17.11,11.11,1,30.7,31.7,13.85,2.49,141.4,4.9
1/7/2018,0.91746432,284.375,17.11,11.11,1,30.7,31.7,13.85,2.49,141.4,4.9
1/8/2018,5.0687072,284.375,17.11,11.11,1,30.7,31.7,13.85,2.49,141.4,4.9
1/9/2018,12.3461248,284.375,17.11,11.11,1,30.7,31.7,13.85,2.49,141.4,4.9
1/10/2018,2.8883136,284.375,17.11,11.11,1,30.7,31.7,13.85,2.49,141.4,4.9
1/11/2018,1.30823616,284.375,17.11,11.11,1,30.7,31.7,13.85,2.49,141.4,4.9
1/12/2018,1.09302848,284.375,17.11,11.11,1,30.7,31.7,13.85,2.49,141.4,4.9
1/13/2018,0.9627712,284.375,17.11,11.11,1,30.7,31.7,13.85,2.49,141.4,4.9
1/14/2018,0.87498912,284.375,17.11,11.11,1,30.7,31.7,13.85,2.49,141.4,4.9
1/15/2018,0.82685056,284.375,17.11,11.11,1,30.7,31.7,13.85,2.49,141.4,4.9
1/16/2018,0.80136544,284.375,17.11,11.11,1,30.7,31.7,13.85,2.49,141.4,4.9
1/17/2018,0.75605856,284.375,17.11,11.11,1,30.7,31.7,13.85,2.49,141.4,4.9
1/18/2018,0.75605856,284.375,17.11,11.11,1,30.7,31.7,13.85,2.49,141.4,4.9
1/19/2018,1.74997824,284.375,17.11,11.11,1,30.7,31.7,13.85,2.49,141.4,4.9
1/20/2018,0.7645536,284.375,17.11,11.11,1,30.7,31.7,13.85,2.49,141.4,4.9
1/21/2018,0.66261312,284.375,17.11,11.11,1,30.7,31.7,13.85,2.49,141.4,4.9
1/22/2018,0.68243488,284.375,17.11,11.11,1,30.7,31.7,13.85,2.49,141.4,4.9
1/23/2018,0.65411808,284.375,17.11,11.11,1,30.7,31.7,13.85,2.49,141.4,4.9
1/24/2018,0.98259296,284.375,17.11,11.11,1,30.7,31.7,13.85,2.49,141.4,4.9
1/25/2018,2.7042544,284.375,17.11,11.11,1,30.7,31.7,13.85,2.49,141.4,4.9
1/26/2018,0.99958304,284.375,17.11,11.11,1,30.7,31.7,13.85,2.49,141.4,4.9
1/27/2018,0.60597952,284.375,17.11,11.11,1,30.7,31.7,13.85,2.49,141.4,4.9
1/28/2018,0.5521776,284.375,17.11,11.11,1,30.7,31.7,13.85,2.49,141.4,4.9
1/29/2018,0.54085088,284.375,17.11,11.11,1,30.7,31.7,13.85,2.49,141.4,4.9
1/30/2018,0.50687072,284.375,17.11,11.11,1,30.7,31.7,13.85,2.49,141.4,4.9
1/31/2018,0.5097024,284.375,17.11,11.11,1,30.7,31.7,13.85,2.49,141.4,4.9
2/1/2018,0.51253408,278.125,11.72,12.87,1.27,36.71,37.98,11.71,2.5,194.1,11.2
2/2/2018,0.49271232,278.125,11.72,12.87,1.27,36.71,37.98,11.71,2.5,194.1,11.2
2/3/2018,0.48988064,278.125,11.72,12.87,1.27,36.71,37.98,11.71,2.5,194.1,11.2
2/4/2018,0.49837568,278.125,11.72,12.87,1.27,36.71,37.98,11.71,2.5,194.1,11.2
2/5/2018,0.50403904,278.125,11.72,12.87,1.27,36.71,37.98,11.71,2.5,194.1,11.2
2/6/2018,0.51253408,278.125,11.72,12.87,1.27,36.71,37.98,11.71,2.5,194.1,11.2
2/7/2018,0.495544,278.125,11.72,12.87,1.27,36.71,37.98,11.71,2.5,194.1,11.2
2/8/2018,0.4813856,278.125,11.72,12.87,1.27,36.71,37.98,11.71,2.5,194.1,11.2
2/9/2018,0.47855392,278.125,11.72,12.87,1.27,36.71,37.98,11.71,2.5,194.1,11.2
2/10/2018,0.49837568,278.125,11.72,12.87,1.27,36.71,37.98,11.71,2.5,194.1,11.2
2/11/2018,0.48421728,278.125,11.72,12.87,1.27,36.71,37.98,11.71,2.5,194.1,11.2
2/12/2018,0.4672272,278.125,11.72,12.87,1.27,36.71,37.98,11.71,2.5,194.1,11.2
2/13/2018,0.4530688,278.125,11.72,12.87,1.27,36.71,37.98,11.71,2.5,194.1,11.2
2/14/2018,0.46156384,278.125,11.72,12.87,1.27,36.71,37.98,11.71,2.5,194.1,11.2
2/15/2018,0.44174208,278.125,11.72,12.87,1.27,36.71,37.98,11.71,2.5,194.1,11.2
2/16/2018,0.45873216,278.125,11.72,12.87,1.27,36.71,37.98,11.71,2.5,194.1,11.2
2/17/2018,0.45873216,278.125,11.72,12.87,1.27,36.71,37.98,11.71,2.5,194.1,11.2
2/18/2018,0.44457376,278.125,11.72,12.87,1.27,36.71,37.98,11.71,2.5,194.1,11.2
2/19/2018,0.44174208,278.125,11.72,12.87,1.27,36.71,37.98,11.71,2.5,194.1,11.2
2/20/2018,0.43041536,278.125,11.72,12.87,1.27,36.71,37.98,11.71,2.5,194.1,11.2
2/21/2018,0.43607872,278.125,11.72,12.87,1.27,36.71,37.98,11.71,2.5,194.1,11.2
2/22/2018,0.43607872,278.125,11.72,12.87,1.27,36.71,37.98,11.71,2.5,194.1,11.2
2/23/2018,0.47572224,278.125,11.72,12.87,1.27,36.71,37.98,11.71,2.5,194.1,11.2
2/24/2018,0.4389104,278.125,11.72,12.87,1.27,36.71,37.98,11.71,2.5,194.1,11.2
2/25/2018,0.4389104,278.125,11.72,12.87,1.27,36.71,37.98,11.71,2.5,194.1,11.2
2/26/2018,1.16382048,278.125,11.72,12.87,1.27,36.71,37.98,11.71,2.5,194.1,11.2
2/27/2018,1.42433504,278.125,11.72,12.87,1.27,36.71,37.98,11.71,2.5,194.1,11.2
2/28/2018,0.57766272,278.125,11.72,12.87,1.27,36.71,37.98,11.71,2.5,194.1,11.2
3/1/2018,3.2281152,281.25,17.31,12.87,0.9,29.73,30.63,8.35,2.48,136.33,25.6
3/2/2018,2.973264,281.25,17.31,12.87,0.9,29.73,30.63,8.35,2.48,136.33,25.6
3/3/2018,1.84625536,281.25,17.31,12.87,0.9,29.73,30.63,8.35,2.48,136.33,25.6
3/4/2018,1.06471168,281.25,17.31,12.87,0.9,29.73,30.63,8.35,2.48,136.33,25.6
3/5/2018,0.7362368,281.25,17.31,12.87,0.9,29.73,30.63,8.35,2.48,136.33,25.6
3/6/2018,0.68809824,281.25,17.31,12.87,0.9,29.73,30.63,8.35,2.48,136.33,25.6
3/7/2018,0.65978144,281.25,17.31,12.87,0.9,29.73,30.63,8.35,2.48,136.33,25.6
3/8/2018,0.63146464,281.25,17.31,12.87,0.9,29.73,30.63,8.35,2.48,136.33,25.6
3/9/2018,0.59748448,281.25,17.31,12.87,0.9,29.73,30.63,8.35,2.48,136.33,25.6
3/10/2018,0.58332608,281.25,17.31,12.87,0.9,29.73,30.63,8.35,2.48,136.33,25.6
3/11/2018,0.56350432,281.25,17.31,12.87,0.9,29.73,30.63,8.35,2.48,136.33,25.6
3/12/2018,0.6229696,281.25,17.31,12.87,0.9,29.73,30.63,8.35,2.48,136.33,25.6
3/13/2018,3.5679168,281.25,17.31,12.87,0.9,29.73,30.63,8.35,2.48,136.33,25.6
3/14/2018,3.1714816,281.25,17.31,12.87,0.9,29.73,30.63,8.35,2.48,136.33,25.6
3/15/2018,1.56308736,281.25,17.31,12.87,0.9,29.73,30.63,8.35,2.48,136.33,25.6
3/16/2018,1.2600976,281.25,17.31,12.87,0.9,29.73,30.63,8.35,2.48,136.33,25.6
3/17/2018,0.9769296,281.25,17.31,12.87,0.9,29.73,30.63,8.35,2.48,136.33,25.6
3/18/2018,0.74190016,281.25,17.31,12.87,0.9,29.73,30.63,8.35,2.48,136.33,25.6
3/19/2018,0.6654448,281.25,17.31,12.87,0.9,29.73,30.63,8.35,2.48,136.33,25.6
3/20/2018,0.69092992,281.25,17.31,12.87,0.9,29.73,30.63,8.35,2.48,136.33,25.6
3/21/2018,0.68809824,281.25,17.31,12.87,0.9,29.73,30.63,8.35,2.48,136.33,25.6
3/22/2018,3.3696992,281.25,17.31,12.87,0.9,29.73,30.63,8.35,2.48,136.33,25.6
3/23/2018,1.91704736,281.25,17.31,12.87,0.9,29.73,30.63,8.35,2.48,136.33,25.6
3/24/2018,1.11001856,281.25,17.31,12.87,0.9,29.73,30.63,8.35,2.48,136.33,25.6
3/25/2018,1.132672,281.25,17.31,12.87,0.9,29.73,30.63,8.35,2.48,136.33,25.6
3/26/2018,0.778712,281.25,17.31,12.87,0.9,29.73,30.63,8.35,2.48,136.33,25.6
3/27/2018,0.70792,281.25,17.31,12.87,0.9,29.73,30.63,8.35,2.48,136.33,25.6
3/28/2018,0.6796032,281.25,17.31,12.87,0.9,29.73,30.63,8.35,2.48,136.33,25.6
3/29/2018,0.65694976,281.25,17.31,12.87,0.9,29.73,30.63,8.35,2.48,136.33,25.6
3/30/2018,0.63995968,281.25,17.31,12.87,0.9,29.73,30.63,8.35,2.48,136.33,25.6
3/31/2018,0.62013792,281.25,17.31,12.87,0.9,29.73,30.63,8.35,2.48,136.33,25.6
4/1/2018,0.59748448,290.625,0.28,14.79,0.54,15.31,15.85,4.64,1.83,245.39,29.9
4/2/2018,0.58332608,290.625,0.28,14.79,0.54,15.31,15.85,4.64,1.83,245.39,29.9
4/3/2018,0.56067264,290.625,0.28,14.79,0.54,15.31,15.85,4.64,1.83,245.39,29.9
4/4/2018,0.54651424,290.625,0.28,14.79,0.54,15.31,15.85,4.64,1.83,245.39,29.9
4/5/2018,0.53235584,290.625,0.28,14.79,0.54,15.31,15.85,4.64,1.83,245.39,29.9
4/6/2018,2.5343536,290.625,0.28,14.79,0.54,15.31,15.85,4.64,1.83,245.39,29.9
4/7/2018,9.7126624,290.625,0.28,14.79,0.54,15.31,15.85,4.64,1.83,245.39,29.9
4/8/2018,1.6565328,290.625,0.28,14.79,0.54,15.31,15.85,4.64,1.83,245.39,29.9
4/9/2018,0.93728608,290.625,0.28,14.79,0.54,15.31,15.85,4.64,1.83,245.39,29.9
4/10/2018,0.82401888,290.625,0.28,14.79,0.54,15.31,15.85,4.64,1.83,245.39,29.9
4/11/2018,0.77021696,290.625,0.28,14.79,0.54,15.31,15.85,4.64,1.83,245.39,29.9
4/12/2018,1.1751472,290.625,0.28,14.79,0.54,15.31,15.85,4.64,1.83,245.39,29.9
4/13/2018,0.72774176,290.625,0.28,14.79,0.54,15.31,15.85,4.64,1.83,245.39,29.9
4/14/2018,0.66261312,290.625,0.28,14.79,0.54,15.31,15.85,4.64,1.83,245.39,29.9
4/15/2018,0.64845472,290.625,0.28,14.79,0.54,15.31,15.85,4.64,1.83,245.39,29.9
4/16/2018,1.72166144,290.625,0.28,14.79,0.54,15.31,15.85,4.64,1.83,245.39,29.9
4/17/2018,0.74756352,290.625,0.28,14.79,0.54,15.31,15.85,4.64,1.83,245.39,29.9
4/18/2018,0.51536576,290.625,0.28,14.79,0.54,15.31,15.85,4.64,1.83,245.39,29.9
4/19/2018,0.48988064,290.625,0.28,14.79,0.54,15.31,15.85,4.64,1.83,245.39,29.9
4/20/2018,0.48988064,290.625,0.28,14.79,0.54,15.31,15.85,4.64,1.83,245.39,29.9
4/21/2018,0.4672272,290.625,0.28,14.79,0.54,15.31,15.85,4.64,1.83,245.39,29.9
4/22/2018,0.48704896,290.625,0.28,14.79,0.54,15.31,15.85,4.64,1.83,245.39,29.9
4/23/2018,0.46439552,290.625,0.28,14.79,0.54,15.31,15.85,4.64,1.83,245.39,29.9
4/24/2018,0.47572224,290.625,0.28,14.79,0.54,15.31,15.85,4.64,1.83,245.39,29.9
4/25/2018,0.47289056,290.625,0.28,14.79,0.54,15.31,15.85,4.64,1.83,245.39,29.9
4/26/2018,0.44740544,290.625,0.28,14.79,0.54,15.31,15.85,4.64,1.83,245.39,29.9
4/27/2018,0.44174208,290.625,0.28,14.79,0.54,15.31,15.85,4.64,1.83,245.39,29.9
4/28/2018,0.43607872,290.625,0.28,14.79,0.54,15.31,15.85,4.64,1.83,245.39,29.9
4/29/2018,0.4389104,290.625,0.28,14.79,0.54,15.31,15.85,4.64,1.83,245.39,29.9
4/30/2018,0.46156384,290.625,0.28,14.79,0.54,15.31,15.85,4.64,1.83,245.39,29.9
5/1/2018,0.4672272,284.375,3.74,16.99,1.11,17.6,18.71,5,3.55,207.43,8.85
5/2/2018,0.47005888,284.375,3.74,16.99,1.11,17.6,18.71,5,3.55,207.43,8.85
5/3/2018,0.45023712,284.375,3.74,16.99,1.11,17.6,18.71,5,3.55,207.43,8.85
5/4/2018,0.49837568,284.375,3.74,16.99,1.11,17.6,18.71,5,3.55,207.43,8.85
5/5/2018,0.70508832,284.375,3.74,16.99,1.11,17.6,18.71,5,3.55,207.43,8.85
5/6/2018,0.70225664,284.375,3.74,16.99,1.11,17.6,18.71,5,3.55,207.43,8.85
5/7/2018,0.6654448,284.375,3.74,16.99,1.11,17.6,18.71,5,3.55,207.43,8.85
5/8/2018,0.49837568,284.375,3.74,16.99,1.11,17.6,18.71,5,3.55,207.43,8.85
5/9/2018,0.54934592,284.375,3.74,16.99,1.11,17.6,18.71,5,3.55,207.43,8.85
5/10/2018,0.52952416,284.375,3.74,16.99,1.11,17.6,18.71,5,3.55,207.43,8.85
5/11/2018,0.49837568,284.375,3.74,16.99,1.11,17.6,18.71,5,3.55,207.43,8.85
5/12/2018,0.53235584,284.375,3.74,16.99,1.11,17.6,18.71,5,3.55,207.43,8.85
5/13/2018,0.47855392,284.375,3.74,16.99,1.11,17.6,18.71,5,3.55,207.43,8.85
5/14/2018,0.48704896,284.375,3.74,16.99,1.11,17.6,18.71,5,3.55,207.43,8.85
5/15/2018,0.53518752,284.375,3.74,16.99,1.11,17.6,18.71,5,3.55,207.43,8.85
5/16/2018,0.54368256,284.375,3.74,16.99,1.11,17.6,18.71,5,3.55,207.43,8.85
5/17/2018,0.50687072,284.375,3.74,16.99,1.11,17.6,18.71,5,3.55,207.43,8.85
5/18/2018,0.49271232,284.375,3.74,16.99,1.11,17.6,18.71,5,3.55,207.43,8.85
5/19/2018,0.495544,284.375,3.74,16.99,1.11,17.6,18.71,5,3.55,207.43,8.85
5/20/2018,0.49837568,284.375,3.74,16.99,1.11,17.6,18.71,5,3.55,207.43,8.85
5/21/2018,0.47572224,284.375,3.74,16.99,1.11,17.6,18.71,5,3.55,207.43,8.85
5/22/2018,0.4672272,284.375,3.74,16.99,1.11,17.6,18.71,5,3.55,207.43,8.85
5/23/2018,0.48421728,284.375,3.74,16.99,1.11,17.6,18.71,5,3.55,207.43,8.85
5/24/2018,0.50687072,284.375,3.74,16.99,1.11,17.6,18.71,5,3.55,207.43,8.85
5/25/2018,0.51819744,284.375,3.74,16.99,1.11,17.6,18.71,5,3.55,207.43,8.85
5/26/2018,0.52952416,284.375,3.74,16.99,1.11,17.6,18.71,5,3.55,207.43,8.85
5/27/2018,0.55500928,284.375,3.74,16.99,1.11,17.6,18.71,5,3.55,207.43,8.85
5/28/2018,0.51253408,284.375,3.74,16.99,1.11,17.6,18.71,5,3.55,207.43,8.85
5/29/2018,0.4672272,284.375,3.74,16.99,1.11,17.6,18.71,5,3.55,207.43,8.85
5/30/2018,0.45023712,284.375,3.74,16.99,1.11,17.6,18.71,5,3.55,207.43,8.85
5/31/2018,0.4389104,284.375,3.74,16.99,1.11,17.6,18.71,5,3.55,207.43,8.85
6/1/2018,0.44174208,246.875,14.18,18.66,1.03,26.81,27.84,5.93,4.23,129.86,5.9
6/2/2018,0.40493024,246.875,14.18,18.66,1.03,26.81,27.84,5.93,4.23,129.86,5.9
6/3/2018,0.3964352,246.875,14.18,18.66,1.03,26.81,27.84,5.93,4.23,129.86,5.9
6/4/2018,0.39926688,246.875,14.18,18.66,1.03,26.81,27.84,5.93,4.23,129.86,5.9
6/5/2018,0.39926688,246.875,14.18,18.66,1.03,26.81,27.84,5.93,4.23,129.86,5.9
6/6/2018,0.4105936,246.875,14.18,18.66,1.03,26.81,27.84,5.93,4.23,129.86,5.9
6/7/2018,0.40776192,246.875,14.18,18.66,1.03,26.81,27.84,5.93,4.23,129.86,5.9
6/8/2018,0.40776192,246.875,14.18,18.66,1.03,26.81,27.84,5.93,4.23,129.86,5.9
6/9/2018,0.41908864,246.875,14.18,18.66,1.03,26.81,27.84,5.93,4.23,129.86,5.9
6/10/2018,0.40209856,246.875,14.18,18.66,1.03,26.81,27.84,5.93,4.23,129.86,5.9
6/11/2018,0.42192032,246.875,14.18,18.66,1.03,26.81,27.84,5.93,4.23,129.86,5.9
6/12/2018,0.40209856,246.875,14.18,18.66,1.03,26.81,27.84,5.93,4.23,129.86,5.9
6/13/2018,0.4105936,246.875,14.18,18.66,1.03,26.81,27.84,5.93,4.23,129.86,5.9
6/14/2018,0.42758368,246.875,14.18,18.66,1.03,26.81,27.84,5.93,4.23,129.86,5.9
6/15/2018,0.43607872,246.875,14.18,18.66,1.03,26.81,27.84,5.93,4.23,129.86,5.9
6/16/2018,0.43607872,246.875,14.18,18.66,1.03,26.81,27.84,5.93,4.23,129.86,5.9
6/17/2018,0.40209856,246.875,14.18,18.66,1.03,26.81,27.84,5.93,4.23,129.86,5.9
6/18/2018,0.41342528,246.875,14.18,18.66,1.03,26.81,27.84,5.93,4.23,129.86,5.9
6/19/2018,0.41342528,246.875,14.18,18.66,1.03,26.81,27.84,5.93,4.23,129.86,5.9
6/20/2018,0.41908864,246.875,14.18,18.66,1.03,26.81,27.84,5.93,4.23,129.86,5.9
6/21/2018,0.4389104,246.875,14.18,18.66,1.03,26.81,27.84,5.93,4.23,129.86,5.9
6/22/2018,0.42192032,246.875,14.18,18.66,1.03,26.81,27.84,5.93,4.23,129.86,5.9
6/23/2018,0.40209856,246.875,14.18,18.66,1.03,26.81,27.84,5.93,4.23,129.86,5.9
6/24/2018,0.41342528,246.875,14.18,18.66,1.03,26.81,27.84,5.93,4.23,129.86,5.9
6/25/2018,0.3964352,246.875,14.18,18.66,1.03,26.81,27.84,5.93,4.23,129.86,5.9
6/26/2018,0.42758368,246.875,14.18,18.66,1.03,26.81,27.84,5.93,4.23,129.86,5.9
6/27/2018,0.40776192,246.875,14.18,18.66,1.03,26.81,27.84,5.93,4.23,129.86,5.9
6/28/2018,0.40209856,246.875,14.18,18.66,1.03,26.81,27.84,5.93,4.23,129.86,5.9
6/29/2018,0.39926688,246.875,14.18,18.66,1.03,26.81,27.84,5.93,4.23,129.86,5.9
6/30/2018,0.39077184,246.875,14.18,18.66,1.03,26.81,27.84,5.93,4.23,129.86,5.9
7/1/2018,0.39077184,243.75,15.36,20.34,0.78,26.56,27.34,4.5,3.26,142.98,3
7/2/2018,0.39926688,243.75,15.36,20.34,0.78,26.56,27.34,4.5,3.26,142.98,3
7/3/2018,0.38794016,243.75,15.36,20.34,0.78,26.56,27.34,4.5,3.26,142.98,3
7/4/2018,0.39926688,243.75,15.36,20.34,0.78,26.56,27.34,4.5,3.26,142.98,3
7/5/2018,0.38794016,243.75,15.36,20.34,0.78,26.56,27.34,4.5,3.26,142.98,3
7/6/2018,0.40776192,243.75,15.36,20.34,0.78,26.56,27.34,4.5,3.26,142.98,3
7/7/2018,0.41908864,243.75,15.36,20.34,0.78,26.56,27.34,4.5,3.26,142.98,3
7/8/2018,0.40776192,243.75,15.36,20.34,0.78,26.56,27.34,4.5,3.26,142.98,3
7/9/2018,0.41342528,243.75,15.36,20.34,0.78,26.56,27.34,4.5,3.26,142.98,3
7/10/2018,0.41625696,243.75,15.36,20.34,0.78,26.56,27.34,4.5,3.26,142.98,3
7/11/2018,0.39926688,243.75,15.36,20.34,0.78,26.56,27.34,4.5,3.26,142.98,3
7/12/2018,0.39077184,243.75,15.36,20.34,0.78,26.56,27.34,4.5,3.26,142.98,3
7/13/2018,0.38794016,243.75,15.36,20.34,0.78,26.56,27.34,4.5,3.26,142.98,3
7/14/2018,0.3964352,243.75,15.36,20.34,0.78,26.56,27.34,4.5,3.26,142.98,3
7/15/2018,0.40209856,243.75,15.36,20.34,0.78,26.56,27.34,4.5,3.26,142.98,3
7/16/2018,0.40209856,243.75,15.36,20.34,0.78,26.56,27.34,4.5,3.26,142.98,3
7/17/2018,0.37944512,243.75,15.36,20.34,0.78,26.56,27.34,4.5,3.26,142.98,3
7/18/2018,0.39360352,243.75,15.36,20.34,0.78,26.56,27.34,4.5,3.26,142.98,3
7/19/2018,0.39077184,243.75,15.36,20.34,0.78,26.56,27.34,4.5,3.26,142.98,3
7/20/2018,0.36245504,243.75,15.36,20.34,0.78,26.56,27.34,4.5,3.26,142.98,3
7/21/2018,0.31431648,243.75,15.36,20.34,0.78,26.56,27.34,4.5,3.26,142.98,3
7/22/2018,0.30582144,243.75,15.36,20.34,0.78,26.56,27.34,4.5,3.26,142.98,3
7/23/2018,0.38794016,243.75,15.36,20.34,0.78,26.56,27.34,4.5,3.26,142.98,3
7/24/2018,0.37661344,243.75,15.36,20.34,0.78,26.56,27.34,4.5,3.26,142.98,3
7/25/2018,0.35679168,243.75,15.36,20.34,0.78,26.56,27.34,4.5,3.26,142.98,3
7/26/2018,0.3681184,243.75,15.36,20.34,0.78,26.56,27.34,4.5,3.26,142.98,3
7/27/2018,0.35396,243.75,15.36,20.34,0.78,26.56,27.34,4.5,3.26,142.98,3
7/28/2018,0.35112832,243.75,15.36,20.34,0.78,26.56,27.34,4.5,3.26,142.98,3
7/29/2018,0.34546496,243.75,15.36,20.34,0.78,26.56,27.34,4.5,3.26,142.98,3
7/30/2018,0.35112832,243.75,15.36,20.34,0.78,26.56,27.34,4.5,3.26,142.98,3
7/31/2018,0.37095008,243.75,15.36,20.34,0.78,26.56,27.34,4.5,3.26,142.98,3
8/1/2018,0.37378176,237.5,15.49,20.21,0.75,24.1,24.85,6,3.49,143.76,3.1
8/2/2018,0.36245504,237.5,15.49,20.21,0.75,24.1,24.85,6,3.49,143.76,3.1
8/3/2018,0.37661344,237.5,15.49,20.21,0.75,24.1,24.85,6,3.49,143.76,3.1
8/4/2018,0.36528672,237.5,15.49,20.21,0.75,24.1,24.85,6,3.49,143.76,3.1
8/5/2018,0.36528672,237.5,15.49,20.21,0.75,24.1,24.85,6,3.49,143.76,3.1
8/6/2018,0.35962336,237.5,15.49,20.21,0.75,24.1,24.85,6,3.49,143.76,3.1
8/7/2018,0.37095008,237.5,15.49,20.21,0.75,24.1,24.85,6,3.49,143.76,3.1
8/8/2018,0.41625696,237.5,15.49,20.21,0.75,24.1,24.85,6,3.49,143.76,3.1
8/9/2018,0.4105936,237.5,15.49,20.21,0.75,24.1,24.85,6,3.49,143.76,3.1
8/10/2018,0.39077184,237.5,15.49,20.21,0.75,24.1,24.85,6,3.49,143.76,3.1
8/11/2018,0.37944512,237.5,15.49,20.21,0.75,24.1,24.85,6,3.49,143.76,3.1
8/12/2018,0.36245504,237.5,15.49,20.21,0.75,24.1,24.85,6,3.49,143.76,3.1
8/13/2018,0.36245504,237.5,15.49,20.21,0.75,24.1,24.85,6,3.49,143.76,3.1
8/14/2018,0.41908864,237.5,15.49,20.21,0.75,24.1,24.85,6,3.49,143.76,3.1
8/15/2018,0.38510848,237.5,15.49,20.21,0.75,24.1,24.85,6,3.49,143.76,3.1
8/16/2018,0.37661344,237.5,15.49,20.21,0.75,24.1,24.85,6,3.49,143.76,3.1
8/17/2018,0.3964352,237.5,15.49,20.21,0.75,24.1,24.85,6,3.49,143.76,3.1
8/18/2018,0.34263328,237.5,15.49,20.21,0.75,24.1,24.85,6,3.49,143.76,3.1
8/19/2018,0.34829664,237.5,15.49,20.21,0.75,24.1,24.85,6,3.49,143.76,3.1
8/20/2018,0.36528672,237.5,15.49,20.21,0.75,24.1,24.85,6,3.49,143.76,3.1
8/21/2018,0.37378176,237.5,15.49,20.21,0.75,24.1,24.85,6,3.49,143.76,3.1
8/22/2018,0.38510848,237.5,15.49,20.21,0.75,24.1,24.85,6,3.49,143.76,3.1
8/23/2018,0.38794016,237.5,15.49,20.21,0.75,24.1,24.85,6,3.49,143.76,3.1
8/24/2018,0.40493024,237.5,15.49,20.21,0.75,24.1,24.85,6,3.49,143.76,3.1
8/25/2018,0.40493024,237.5,15.49,20.21,0.75,24.1,24.85,6,3.49,143.76,3.1
8/26/2018,0.41342528,237.5,15.49,20.21,0.75,24.1,24.85,6,3.49,143.76,3.1
8/27/2018,0.40493024,237.5,15.49,20.21,0.75,24.1,24.85,6,3.49,143.76,3.1
8/28/2018,0.41625696,237.5,15.49,20.21,0.75,24.1,24.85,6,3.49,143.76,3.1
8/29/2018,0.41342528,237.5,15.49,20.21,0.75,24.1,24.85,6,3.49,143.76,3.1
8/30/2018,0.40209856,237.5,15.49,20.21,0.75,24.1,24.85,6,3.49,143.76,3.1
8/31/2018,0.39077184,237.5,15.49,20.21,0.75,24.1,24.85,6,3.49,143.76,3.1
9/1/2018,0.40493024,237.5,19.58,18.83,0.84,24.22,25.06,6.85,3.52,151.87,4.9
9/2/2018,0.42192032,237.5,19.58,18.83,0.84,24.22,25.06,6.85,3.52,151.87,4.9
9/3/2018,0.40776192,237.5,19.58,18.83,0.84,24.22,25.06,6.85,3.52,151.87,4.9
9/4/2018,0.40209856,237.5,19.58,18.83,0.84,24.22,25.06,6.85,3.52,151.87,4.9
9/5/2018,0.39360352,237.5,19.58,18.83,0.84,24.22,25.06,6.85,3.52,151.87,4.9
9/6/2018,0.37661344,237.5,19.58,18.83,0.84,24.22,25.06,6.85,3.52,151.87,4.9
9/7/2018,0.36528672,237.5,19.58,18.83,0.84,24.22,25.06,6.85,3.52,151.87,4.9
9/8/2018,0.36528672,237.5,19.58,18.83,0.84,24.22,25.06,6.85,3.52,151.87,4.9
9/9/2018,0.37095008,237.5,19.58,18.83,0.84,24.22,25.06,6.85,3.52,151.87,4.9
9/10/2018,0.3822768,237.5,19.58,18.83,0.84,24.22,25.06,6.85,3.52,151.87,4.9
9/11/2018,0.39926688,237.5,19.58,18.83,0.84,24.22,25.06,6.85,3.52,151.87,4.9
9/12/2018,0.39926688,237.5,19.58,18.83,0.84,24.22,25.06,6.85,3.52,151.87,4.9
9/13/2018,0.3964352,237.5,19.58,18.83,0.84,24.22,25.06,6.85,3.52,151.87,4.9
9/14/2018,0.39077184,237.5,19.58,18.83,0.84,24.22,25.06,6.85,3.52,151.87,4.9
9/15/2018,0.40493024,237.5,19.58,18.83,0.84,24.22,25.06,6.85,3.52,151.87,4.9
9/16/2018,0.39360352,237.5,19.58,18.83,0.84,24.22,25.06,6.85,3.52,151.87,4.9
9/17/2018,0.38794016,237.5,19.58,18.83,0.84,24.22,25.06,6.85,3.52,151.87,4.9
9/18/2018,0.40493024,237.5,19.58,18.83,0.84,24.22,25.06,6.85,3.52,151.87,4.9
9/19/2018,0.41908864,237.5,19.58,18.83,0.84,24.22,25.06,6.85,3.52,151.87,4.9
9/20/2018,0.43324704,237.5,19.58,18.83,0.84,24.22,25.06,6.85,3.52,151.87,4.9
9/21/2018,0.44174208,237.5,19.58,18.83,0.84,24.22,25.06,6.85,3.52,151.87,4.9
9/22/2018,0.42758368,237.5,19.58,18.83,0.84,24.22,25.06,6.85,3.52,151.87,4.9
9/23/2018,0.40776192,237.5,19.58,18.83,0.84,24.22,25.06,6.85,3.52,151.87,4.9
9/24/2018,0.38510848,237.5,19.58,18.83,0.84,24.22,25.06,6.85,3.52,151.87,4.9
9/25/2018,0.37378176,237.5,19.58,18.83,0.84,24.22,25.06,6.85,3.52,151.87,4.9
9/26/2018,0.3681184,237.5,19.58,18.83,0.84,24.22,25.06,6.85,3.52,151.87,4.9
9/27/2018,0.37944512,237.5,19.58,18.83,0.84,24.22,25.06,6.85,3.52,151.87,4.9
9/28/2018,0.37661344,237.5,19.58,18.83,0.84,24.22,25.06,6.85,3.52,151.87,4.9
9/29/2018,0.37095008,237.5,19.58,18.83,0.84,24.22,25.06,6.85,3.52,151.87,4.9
9/30/2018,0.34829664,237.5,19.58,18.83,0.84,24.22,25.06,6.85,3.52,151.87,4.9
10/1/2018,0.35962336,246.875,19.76,18.11,0.88,23.32,24.2,8.14,3.03,139.35,3.7
10/2/2018,0.3964352,246.875,19.76,18.11,0.88,23.32,24.2,8.14,3.03,139.35,3.7
10/3/2018,0.40209856,246.875,19.76,18.11,0.88,23.32,24.2,8.14,3.03,139.35,3.7
10/4/2018,0.62580128,246.875,19.76,18.11,0.88,23.32,24.2,8.14,3.03,139.35,3.7
10/5/2018,0.45873216,246.875,19.76,18.11,0.88,23.32,24.2,8.14,3.03,139.35,3.7
10/6/2018,0.40776192,246.875,19.76,18.11,0.88,23.32,24.2,8.14,3.03,139.35,3.7
10/7/2018,0.3822768,246.875,19.76,18.11,0.88,23.32,24.2,8.14,3.03,139.35,3.7
10/8/2018,0.39077184,246.875,19.76,18.11,0.88,23.32,24.2,8.14,3.03,139.35,3.7
10/9/2018,0.38794016,246.875,19.76,18.11,0.88,23.32,24.2,8.14,3.03,139.35,3.7
10/10/2018,0.40493024,246.875,19.76,18.11,0.88,23.32,24.2,8.14,3.03,139.35,3.7
10/11/2018,0.39926688,246.875,19.76,18.11,0.88,23.32,24.2,8.14,3.03,139.35,3.7
10/12/2018,0.39360352,246.875,19.76,18.11,0.88,23.32,24.2,8.14,3.03,139.35,3.7
10/13/2018,0.38510848,246.875,19.76,18.11,0.88,23.32,24.2,8.14,3.03,139.35,3.7
10/14/2018,0.39360352,246.875,19.76,18.11,0.88,23.32,24.2,8.14,3.03,139.35,3.7
10/15/2018,0.38794016,246.875,19.76,18.11,0.88,23.32,24.2,8.14,3.03,139.35,3.7
10/16/2018,0.3681184,246.875,19.76,18.11,0.88,23.32,24.2,8.14,3.03,139.35,3.7
10/17/2018,0.35112832,246.875,19.76,18.11,0.88,23.32,24.2,8.14,3.03,139.35,3.7
10/18/2018,0.34829664,246.875,19.76,18.11,0.88,23.32,24.2,8.14,3.03,139.35,3.7
10/19/2018,0.33413824,246.875,19.76,18.11,0.88,23.32,24.2,8.14,3.03,139.35,3.7
10/20/2018,0.34546496,246.875,19.76,18.11,0.88,23.32,24.2,8.14,3.03,139.35,3.7
10/21/2018,0.31997984,246.875,19.76,18.11,0.88,23.32,24.2,8.14,3.03,139.35,3.7
10/22/2018,0.31997984,246.875,19.76,18.11,0.88,23.32,24.2,8.14,3.03,139.35,3.7
10/23/2018,0.31997984,246.875,19.76,18.11,0.88,23.32,24.2,8.14,3.03,139.35,3.7
10/24/2018,0.3114848,246.875,19.76,18.11,0.88,23.32,24.2,8.14,3.03,139.35,3.7
10/25/2018,0.31714816,246.875,19.76,18.11,0.88,23.32,24.2,8.14,3.03,139.35,3.7
10/26/2018,0.3114848,246.875,19.76,18.11,0.88,23.32,24.2,8.14,3.03,139.35,3.7
10/27/2018,0.3256432,246.875,19.76,18.11,0.88,23.32,24.2,8.14,3.03,139.35,3.7
10/28/2018,0.3114848,246.875,19.76,18.11,0.88,23.32,24.2,8.14,3.03,139.35,3.7
10/29/2018,0.32847488,246.875,19.76,18.11,0.88,23.32,24.2,8.14,3.03,139.35,3.7
10/30/2018,0.3398016,246.875,19.76,18.11,0.88,23.32,24.2,8.14,3.03,139.35,3.7
10/31/2018,0.34263328,246.875,19.76,18.11,0.88,23.32,24.2,8.14,3.03,139.35,3.7
11/1/2018,0.35679168,256.25,20.85,15.25,1.055,24.36,25.415,9.71,2.955,124.735,2.6
11/2/2018,0.33130656,256.25,20.85,15.25,1.055,24.36,25.415,9.71,2.955,124.735,2.6
11/3/2018,0.31431648,256.25,20.85,15.25,1.055,24.36,25.415,9.71,2.955,124.735,2.6
11/4/2018,0.32847488,256.25,20.85,15.25,1.055,24.36,25.415,9.71,2.955,124.735,2.6
11/5/2018,0.33413824,256.25,20.85,15.25,1.055,24.36,25.415,9.71,2.955,124.735,2.6
11/6/2018,0.3114848,256.25,20.85,15.25,1.055,24.36,25.415,9.71,2.955,124.735,2.6
11/7/2018,0.33413824,256.25,20.85,15.25,1.055,24.36,25.415,9.71,2.955,124.735,2.6
11/8/2018,0.35396,256.25,20.85,15.25,1.055,24.36,25.415,9.71,2.955,124.735,2.6
11/9/2018,0.37661344,256.25,20.85,15.25,1.055,24.36,25.415,9.71,2.955,124.735,2.6
11/10/2018,0.41342528,256.25,20.85,15.25,1.055,24.36,25.415,9.71,2.955,124.735,2.6
11/11/2018,0.38510848,256.25,20.85,15.25,1.055,24.36,25.415,9.71,2.955,124.735,2.6
11/12/2018,0.39077184,256.25,20.85,15.25,1.055,24.36,25.415,9.71,2.955,124.735,2.6
11/13/2018,0.37944512,256.25,20.85,15.25,1.055,24.36,25.415,9.71,2.955,124.735,2.6
11/14/2018,0.41342528,256.25,20.85,15.25,1.055,24.36,25.415,9.71,2.955,124.735,2.6
11/15/2018,0.47855392,256.25,20.85,15.25,1.055,24.36,25.415,9.71,2.955,124.735,2.6
11/16/2018,0.43607872,256.25,20.85,15.25,1.055,24.36,25.415,9.71,2.955,124.735,2.6
11/17/2018,0.43607872,256.25,20.85,15.25,1.055,24.36,25.415,9.71,2.955,124.735,2.6
11/18/2018,0.44174208,256.25,20.85,15.25,1.055,24.36,25.415,9.71,2.955,124.735,2.6
11/19/2018,0.44457376,256.25,20.85,15.25,1.055,24.36,25.415,9.71,2.955,124.735,2.6
11/20/2018,0.44457376,256.25,20.85,15.25,1.055,24.36,25.415,9.71,2.955,124.735,2.6
11/21/2018,1.35354304,256.25,20.85,15.25,1.055,24.36,25.415,9.71,2.955,124.735,2.6
11/22/2018,2.28233408,256.25,20.85,15.25,1.055,24.36,25.415,9.71,2.955,124.735,2.6
11/23/2018,3.5112832,256.25,20.85,15.25,1.055,24.36,25.415,9.71,2.955,124.735,2.6
11/24/2018,2.67310592,256.25,20.85,15.25,1.055,24.36,25.415,9.71,2.955,124.735,2.6
11/25/2018,0.778712,256.25,20.85,15.25,1.055,24.36,25.415,9.71,2.955,124.735,2.6
11/26/2018,0.51819744,256.25,20.85,15.25,1.055,24.36,25.415,9.71,2.955,124.735,2.6
11/27/2018,0.566336,256.25,20.85,15.25,1.055,24.36,25.415,9.71,2.955,124.735,2.6
11/28/2018,2.19172032,256.25,20.85,15.25,1.055,24.36,25.415,9.71,2.955,124.735,2.6
11/29/2018,9.9675136,256.25,20.85,15.25,1.055,24.36,25.415,9.71,2.955,124.735,2.6
11/30/2018,2.73540288,256.25,20.85,15.25,1.055,24.36,25.415,9.71,2.955,124.735,2.6
12/1/2018,1.86607712,265.625,21.94,12.39,1.23,25.4,26.63,11.28,2.88,110.12,3.9
12/2/2018,1.15815712,265.625,21.94,12.39,1.23,25.4,26.63,11.28,2.88,110.12,3.9
12/3/2018,0.54651424,265.625,21.94,12.39,1.23,25.4,26.63,11.28,2.88,110.12,3.9
12/4/2018,0.48704896,265.625,21.94,12.39,1.23,25.4,26.63,11.28,2.88,110.12,3.9
12/5/2018,1.73865152,265.625,21.94,12.39,1.23,25.4,26.63,11.28,2.88,110.12,3.9
12/6/2018,0.72774176,265.625,21.94,12.39,1.23,25.4,26.63,11.28,2.88,110.12,3.9
12/7/2018,0.48421728,265.625,21.94,12.39,1.23,25.4,26.63,11.28,2.88,110.12,3.9
12/8/2018,0.43324704,265.625,21.94,12.39,1.23,25.4,26.63,11.28,2.88,110.12,3.9
12/9/2018,0.42758368,265.625,21.94,12.39,1.23,25.4,26.63,11.28,2.88,110.12,3.9
12/10/2018,0.43607872,265.625,21.94,12.39,1.23,25.4,26.63,11.28,2.88,110.12,3.9
12/11/2018,0.44740544,265.625,21.94,12.39,1.23,25.4,26.63,11.28,2.88,110.12,3.9
12/12/2018,0.4530688,265.625,21.94,12.39,1.23,25.4,26.63,11.28,2.88,110.12,3.9
12/13/2018,0.47005888,265.625,21.94,12.39,1.23,25.4,26.63,11.28,2.88,110.12,3.9
12/14/2018,0.4813856,265.625,21.94,12.39,1.23,25.4,26.63,11.28,2.88,110.12,3.9
12/15/2018,0.4813856,265.625,21.94,12.39,1.23,25.4,26.63,11.28,2.88,110.12,3.9
12/16/2018,0.98542464,265.625,21.94,12.39,1.23,25.4,26.63,11.28,2.88,110.12,3.9
12/17/2018,9.5144448,265.625,21.94,12.39,1.23,25.4,26.63,11.28,2.88,110.12,3.9
12/18/2018,1.10152352,265.625,21.94,12.39,1.23,25.4,26.63,11.28,2.88,110.12,3.9
12/19/2018,0.5946528,265.625,21.94,12.39,1.23,25.4,26.63,11.28,2.88,110.12,3.9
12/20/2018,0.56916768,265.625,21.94,12.39,1.23,25.4,26.63,11.28,2.88,110.12,3.9
12/21/2018,0.52952416,265.625,21.94,12.39,1.23,25.4,26.63,11.28,2.88,110.12,3.9
12/22/2018,0.48704896,265.625,21.94,12.39,1.23,25.4,26.63,11.28,2.88,110.12,3.9
12/23/2018,0.44740544,265.625,21.94,12.39,1.23,25.4,26.63,11.28,2.88,110.12,3.9
12/24/2018,1.13550368,265.625,21.94,12.39,1.23,25.4,26.63,11.28,2.88,110.12,3.9
12/25/2018,2.2511856,265.625,21.94,12.39,1.23,25.4,26.63,11.28,2.88,110.12,3.9
12/26/2018,0.69092992,265.625,21.94,12.39,1.23,25.4,26.63,11.28,2.88,110.12,3.9
12/27/2018,0.49271232,265.625,21.94,12.39,1.23,25.4,26.63,11.28,2.88,110.12,3.9
12/28/2018,0.47005888,265.625,21.94,12.39,1.23,25.4,26.63,11.28,2.88,110.12,3.9
12/29/2018,0.46156384,265.625,21.94,12.39,1.23,25.4,26.63,11.28,2.88,110.12,3.9
12/30/2018,0.46156384,265.625,21.94,12.39,1.23,25.4,26.63,11.28,2.88,110.12,3.9
12/31/2018,0.47572224,265.625,21.94,12.39,1.23,25.4,26.63,11.28,2.88,110.12,3.9
1/1/2019,0.50403904,289.0625,11.035,10.97,1.06,27.785,28.845,8.315,2.59,168.12,3.8
1/2/2019,0.52952416,289.0625,11.035,10.97,1.06,27.785,28.845,8.315,2.59,168.12,3.8
1/3/2019,0.50403904,289.0625,11.035,10.97,1.06,27.785,28.845,8.315,2.59,168.12,3.8
1/4/2019,0.53518752,289.0625,11.035,10.97,1.06,27.785,28.845,8.315,2.59,168.12,3.8
1/5/2019,0.58898944,289.0625,11.035,10.97,1.06,27.785,28.845,8.315,2.59,168.12,3.8
1/6/2019,3.9077184,289.0625,11.035,10.97,1.06,27.785,28.845,8.315,2.59,168.12,3.8
1/7/2019,4.8988064,289.0625,11.035,10.97,1.06,27.785,28.845,8.315,2.59,168.12,3.8
1/8/2019,0.9486128,289.0625,11.035,10.97,1.06,27.785,28.845,8.315,2.59,168.12,3.8
1/9/2019,2.38710624,289.0625,11.035,10.97,1.06,27.785,28.845,8.315,2.59,168.12,3.8
1/10/2019,1.16665216,289.0625,11.035,10.97,1.06,27.785,28.845,8.315,2.59,168.12,3.8
1/11/2019,0.73340512,289.0625,11.035,10.97,1.06,27.785,28.845,8.315,2.59,168.12,3.8
1/12/2019,0.88914752,289.0625,11.035,10.97,1.06,27.785,28.845,8.315,2.59,168.12,3.8
1/13/2019,0.59748448,289.0625,11.035,10.97,1.06,27.785,28.845,8.315,2.59,168.12,3.8
1/14/2019,0.56067264,289.0625,11.035,10.97,1.06,27.785,28.845,8.315,2.59,168.12,3.8
1/15/2019,1.5291072,289.0625,11.035,10.97,1.06,27.785,28.845,8.315,2.59,168.12,3.8
1/16/2019,4.8704896,289.0625,11.035,10.97,1.06,27.785,28.845,8.315,2.59,168.12,3.8
1/17/2019,17.0467136,289.0625,11.035,10.97,1.06,27.785,28.845,8.315,2.59,168.12,3.8
1/18/2019,6.512864,289.0625,11.035,10.97,1.06,27.785,28.845,8.315,2.59,168.12,3.8
1/19/2019,3.5962336,289.0625,11.035,10.97,1.06,27.785,28.845,8.315,2.59,168.12,3.8
1/20/2019,2.75239296,289.0625,11.035,10.97,1.06,27.785,28.845,8.315,2.59,168.12,3.8
1/21/2019,3.1714816,289.0625,11.035,10.97,1.06,27.785,28.845,8.315,2.59,168.12,3.8
1/22/2019,1.7131664,289.0625,11.035,10.97,1.06,27.785,28.845,8.315,2.59,168.12,3.8
1/23/2019,1.39035488,289.0625,11.035,10.97,1.06,27.785,28.845,8.315,2.59,168.12,3.8
1/24/2019,1.26292928,289.0625,11.035,10.97,1.06,27.785,28.845,8.315,2.59,168.12,3.8
1/25/2019,1.17231552,289.0625,11.035,10.97,1.06,27.785,28.845,8.315,2.59,168.12,3.8
1/26/2019,1.09302848,289.0625,11.035,10.97,1.06,27.785,28.845,8.315,2.59,168.12,3.8
1/27/2019,1.01090976,289.0625,11.035,10.97,1.06,27.785,28.845,8.315,2.59,168.12,3.8
1/28/2019,0.95427616,289.0625,11.035,10.97,1.06,27.785,28.845,8.315,2.59,168.12,3.8
1/29/2019,0.92312768,289.0625,11.035,10.97,1.06,27.785,28.845,8.315,2.59,168.12,3.8
1/30/2019,0.8919792,289.0625,11.035,10.97,1.06,27.785,28.845,8.315,2.59,168.12,3.8
1/31/2019,2.41825472,289.0625,11.035,10.97,1.06,27.785,28.845,8.315,2.59,168.12,3.8
2/1/2019,1.09302848,312.5,0.13,9.55,0.89,30.17,31.06,5.35,2.3,226.12,7.65
2/2/2019,7.6738528,312.5,0.13,9.55,0.89,30.17,31.06,5.35,2.3,226.12,7.65
2/3/2019,10.6471168,312.5,0.13,9.55,0.89,30.17,31.06,5.35,2.3,226.12,7.65
2/4/2019,17.5280992,312.5,0.13,9.55,0.89,30.17,31.06,5.35,2.3,226.12,7.65
2/5/2019,10.2223648,312.5,0.13,9.55,0.89,30.17,31.06,5.35,2.3,226.12,7.65
2/6/2019,6.6261312,312.5,0.13,9.55,0.89,30.17,31.06,5.35,2.3,226.12,7.65
2/7/2019,8.919792,312.5,0.13,9.55,0.89,30.17,31.06,5.35,2.3,226.12,7.65
2/8/2019,12.3744416,312.5,0.13,9.55,0.89,30.17,31.06,5.35,2.3,226.12,7.65
2/9/2019,16.140576,312.5,0.13,9.55,0.89,30.17,31.06,5.35,2.3,226.12,7.65
2/10/2019,21.3508672,312.5,0.13,9.55,0.89,30.17,31.06,5.35,2.3,226.12,7.65
2/11/2019,13.7902816,312.5,0.13,9.55,0.89,30.17,31.06,5.35,2.3,226.12,7.65
2/12/2019,12.317808,312.5,0.13,9.55,0.89,30.17,31.06,5.35,2.3,226.12,7.65
2/13/2019,14.6964192,312.5,0.13,9.55,0.89,30.17,31.06,5.35,2.3,226.12,7.65
2/14/2019,31.714816,312.5,0.13,9.55,0.89,30.17,31.06,5.35,2.3,226.12,7.65
2/15/2019,33.130656,312.5,0.13,9.55,0.89,30.17,31.06,5.35,2.3,226.12,7.65
2/16/2019,29.449472,312.5,0.13,9.55,0.89,30.17,31.06,5.35,2.3,226.12,7.65
2/17/2019,25.1170016,312.5,0.13,9.55,0.89,30.17,31.06,5.35,2.3,226.12,7.65
2/18/2019,19.0572064,312.5,0.13,9.55,0.89,30.17,31.06,5.35,2.3,226.12,7.65
2/19/2019,16.4520608,312.5,0.13,9.55,0.89,30.17,31.06,5.35,2.3,226.12,7.65
2/20/2019,14.9512704,312.5,0.13,9.55,0.89,30.17,31.06,5.35,2.3,226.12,7.65
2/21/2019,14.299984,312.5,0.13,9.55,0.89,30.17,31.06,5.35,2.3,226.12,7.65
2/22/2019,14.0451328,312.5,0.13,9.55,0.89,30.17,31.06,5.35,2.3,226.12,7.65
2/23/2019,13.167312,312.5,0.13,9.55,0.89,30.17,31.06,5.35,2.3,226.12,7.65
2/24/2019,12.7142432,312.5,0.13,9.55,0.89,30.17,31.06,5.35,2.3,226.12,7.65
2/25/2019,12.6292928,312.5,0.13,9.55,0.89,30.17,31.06,5.35,2.3,226.12,7.65
2/26/2019,12.5160256,312.5,0.13,9.55,0.89,30.17,31.06,5.35,2.3,226.12,7.65
2/27/2019,14.3283008,312.5,0.13,9.55,0.89,30.17,31.06,5.35,2.3,226.12,7.65
2/28/2019,14.2433504,312.5,0.13,9.55,0.89,30.17,31.06,5.35,2.3,226.12,7.65
3/1/2019,13.167312,296.875,0.75,13.23,0.54,19.66,20.2,4.57,1.93,272.75,7.65
3/2/2019,20.0766112,296.875,0.75,13.23,0.54,19.66,20.2,4.57,1.93,272.75,7.65
3/3/2019,16.1688928,296.875,0.75,13.23,0.54,19.66,20.2,4.57,1.93,272.75,7.65
3/4/2019,14.5265184,296.875,0.75,13.23,0.54,19.66,20.2,4.57,1.93,272.75,7.65
3/5/2019,13.9035488,296.875,0.75,13.23,0.54,19.66,20.2,4.57,1.93,272.75,7.65
3/6/2019,17.981168,296.875,0.75,13.23,0.54,19.66,20.2,4.57,1.93,272.75,7.65
3/7/2019,17.2166144,296.875,0.75,13.23,0.54,19.66,20.2,4.57,1.93,272.75,7.65
3/8/2019,16.4803776,296.875,0.75,13.23,0.54,19.66,20.2,4.57,1.93,272.75,7.65
3/9/2019,14.86632,296.875,0.75,13.23,0.54,19.66,20.2,4.57,1.93,272.75,7.65
3/10/2019,15.4609728,296.875,0.75,13.23,0.54,19.66,20.2,4.57,1.93,272.75,7.65
3/11/2019,17.0183968,296.875,0.75,13.23,0.54,19.66,20.2,4.57,1.93,272.75,7.65
3/12/2019,13.9601824,296.875,0.75,13.23,0.54,19.66,20.2,4.57,1.93,272.75,7.65
3/13/2019,13.3655296,296.875,0.75,13.23,0.54,19.66,20.2,4.57,1.93,272.75,7.65
3/14/2019,13.1956288,296.875,0.75,13.23,0.54,19.66,20.2,4.57,1.93,272.75,7.65
3/15/2019,13.7902816,296.875,0.75,13.23,0.54,19.66,20.2,4.57,1.93,272.75,7.65
3/16/2019,13.8469152,296.875,0.75,13.23,0.54,19.66,20.2,4.57,1.93,272.75,7.65
3/17/2019,13.0823616,296.875,0.75,13.23,0.54,19.66,20.2,4.57,1.93,272.75,7.65
3/18/2019,12.3461248,296.875,0.75,13.23,0.54,19.66,20.2,4.57,1.93,272.75,7.65
3/19/2019,9.9675136,296.875,0.75,13.23,0.54,19.66,20.2,4.57,1.93,272.75,7.65
3/20/2019,14.1867168,296.875,0.75,13.23,0.54,19.66,20.2,4.57,1.93,272.75,7.65
3/21/2019,3.9926688,296.875,0.75,13.23,0.54,19.66,20.2,4.57,1.93,272.75,7.65
3/22/2019,3.964352,296.875,0.75,13.23,0.54,19.66,20.2,4.57,1.93,272.75,7.65
3/23/2019,6.937616,296.875,0.75,13.23,0.54,19.66,20.2,4.57,1.93,272.75,7.65
3/24/2019,4.105936,296.875,0.75,13.23,0.54,19.66,20.2,4.57,1.93,272.75,7.65
3/25/2019,3.5679168,296.875,0.75,13.23,0.54,19.66,20.2,4.57,1.93,272.75,7.65
3/26/2019,3.5396,296.875,0.75,13.23,0.54,19.66,20.2,4.57,1.93,272.75,7.65
3/27/2019,5.0687072,296.875,0.75,13.23,0.54,19.66,20.2,4.57,1.93,272.75,7.65
3/28/2019,2.9166304,296.875,0.75,13.23,0.54,19.66,20.2,4.57,1.93,272.75,7.65
3/29/2019,2.44657152,296.875,0.75,13.23,0.54,19.66,20.2,4.57,1.93,272.75,7.65
3/30/2019,2.29649248,296.875,0.75,13.23,0.54,19.66,20.2,4.57,1.93,272.75,7.65
3/31/2019,2.17189856,296.875,0.75,13.23,0.54,19.66,20.2,4.57,1.93,272.75,7.65
4/1/2019,2.00199776,281.25,1.11,17.98,0.53,11.61,12.14,3.28,1.49,250.36,12.05
4/2/2019,2.27383904,281.25,1.11,17.98,0.53,11.61,12.14,3.28,1.49,250.36,12.05
4/3/2019,1.88023552,281.25,1.11,17.98,0.53,11.61,12.14,3.28,1.49,250.36,12.05
4/4/2019,1.80094848,281.25,1.11,17.98,0.53,11.61,12.14,3.28,1.49,250.36,12.05
4/5/2019,2.22570048,281.25,1.11,17.98,0.53,11.61,12.14,3.28,1.49,250.36,12.05
4/6/2019,1.98783936,281.25,1.11,17.98,0.53,11.61,12.14,3.28,1.49,250.36,12.05
4/7/2019,1.74997824,281.25,1.11,17.98,0.53,11.61,12.14,3.28,1.49,250.36,12.05
4/8/2019,1.67352288,281.25,1.11,17.98,0.53,11.61,12.14,3.28,1.49,250.36,12.05
4/9/2019,1.51778048,281.25,1.11,17.98,0.53,11.61,12.14,3.28,1.49,250.36,12.05
4/10/2019,1.47530528,281.25,1.11,17.98,0.53,11.61,12.14,3.28,1.49,250.36,12.05
4/11/2019,1.41017664,281.25,1.11,17.98,0.53,11.61,12.14,3.28,1.49,250.36,12.05
4/12/2019,1.40734496,281.25,1.11,17.98,0.53,11.61,12.14,3.28,1.49,250.36,12.05
4/13/2019,1.38185984,281.25,1.11,17.98,0.53,11.61,12.14,3.28,1.49,250.36,12.05
4/14/2019,1.35071136,281.25,1.11,17.98,0.53,11.61,12.14,3.28,1.49,250.36,12.05
4/15/2019,1.33938464,281.25,1.11,17.98,0.53,11.61,12.14,3.28,1.49,250.36,12.05
4/16/2019,1.34787968,281.25,1.11,17.98,0.53,11.61,12.14,3.28,1.49,250.36,12.05
4/17/2019,1.2600976,281.25,1.11,17.98,0.53,11.61,12.14,3.28,1.49,250.36,12.05
4/18/2019,1.22894912,281.25,1.11,17.98,0.53,11.61,12.14,3.28,1.49,250.36,12.05
4/19/2019,1.21195904,281.25,1.11,17.98,0.53,11.61,12.14,3.28,1.49,250.36,12.05
4/20/2019,1.19496896,281.25,1.11,17.98,0.53,11.61,12.14,3.28,1.49,250.36,12.05
4/21/2019,1.17231552,281.25,1.11,17.98,0.53,11.61,12.14,3.28,1.49,250.36,12.05
4/22/2019,1.1468304,281.25,1.11,17.98,0.53,11.61,12.14,3.28,1.49,250.36,12.05
4/23/2019,1.11001856,281.25,1.11,17.98,0.53,11.61,12.14,3.28,1.49,250.36,12.05
4/24/2019,1.11001856,281.25,1.11,17.98,0.53,11.61,12.14,3.28,1.49,250.36,12.05
4/25/2019,1.05338496,281.25,1.11,17.98,0.53,11.61,12.14,3.28,1.49,250.36,12.05
4/26/2019,1.02223648,281.25,1.11,17.98,0.53,11.61,12.14,3.28,1.49,250.36,12.05
4/27/2019,0.98542464,281.25,1.11,17.98,0.53,11.61,12.14,3.28,1.49,250.36,12.05
4/28/2019,0.96843456,281.25,1.11,17.98,0.53,11.61,12.14,3.28,1.49,250.36,12.05
4/29/2019,0.94011776,281.25,1.11,17.98,0.53,11.61,12.14,3.28,1.49,250.36,12.05
4/30/2019,0.90047424,281.25,1.11,17.98,0.53,11.61,12.14,3.28,1.49,250.36,12.05
5/1/2019,0.88348416,268.75,6.42,17.42,0.53,13.11,13.64,6.07,2.38,188.51,4.4
5/2/2019,0.84384064,268.75,6.42,17.42,0.53,13.11,13.64,6.07,2.38,188.51,4.4
5/3/2019,0.8070288,268.75,6.42,17.42,0.53,13.11,13.64,6.07,2.38,188.51,4.4
5/4/2019,0.83251392,268.75,6.42,17.42,0.53,13.11,13.64,6.07,2.38,188.51,4.4
5/5/2019,0.81835552,268.75,6.42,17.42,0.53,13.11,13.64,6.07,2.38,188.51,4.4
5/6/2019,0.91463264,268.75,6.42,17.42,0.53,13.11,13.64,6.07,2.38,188.51,4.4
5/7/2019,0.83251392,268.75,6.42,17.42,0.53,13.11,13.64,6.07,2.38,188.51,4.4
5/8/2019,0.81269216,268.75,6.42,17.42,0.53,13.11,13.64,6.07,2.38,188.51,4.4
5/9/2019,0.82401888,268.75,6.42,17.42,0.53,13.11,13.64,6.07,2.38,188.51,4.4
5/10/2019,0.82685056,268.75,6.42,17.42,0.53,13.11,13.64,6.07,2.38,188.51,4.4
5/11/2019,0.8211872,268.75,6.42,17.42,0.53,13.11,13.64,6.07,2.38,188.51,4.4
5/12/2019,0.778712,268.75,6.42,17.42,0.53,13.11,13.64,6.07,2.38,188.51,4.4
5/13/2019,0.75605856,268.75,6.42,17.42,0.53,13.11,13.64,6.07,2.38,188.51,4.4
5/14/2019,0.73340512,268.75,6.42,17.42,0.53,13.11,13.64,6.07,2.38,188.51,4.4
5/15/2019,0.87498912,268.75,6.42,17.42,0.53,13.11,13.64,6.07,2.38,188.51,4.4
5/16/2019,3.6245504,268.75,6.42,17.42,0.53,13.11,13.64,6.07,2.38,188.51,4.4
5/17/2019,1.33372128,268.75,6.42,17.42,0.53,13.11,13.64,6.07,2.38,188.51,4.4
5/18/2019,1.6565328,268.75,6.42,17.42,0.53,13.11,13.64,6.07,2.38,188.51,4.4
5/19/2019,6.4845472,268.75,6.42,17.42,0.53,13.11,13.64,6.07,2.38,188.51,4.4
5/20/2019,3.114848,268.75,6.42,17.42,0.53,13.11,13.64,6.07,2.38,188.51,4.4
5/21/2019,1.78112672,268.75,6.42,17.42,0.53,13.11,13.64,6.07,2.38,188.51,4.4
5/22/2019,2.83168,268.75,6.42,17.42,0.53,13.11,13.64,6.07,2.38,188.51,4.4
5/23/2019,1.22894912,268.75,6.42,17.42,0.53,13.11,13.64,6.07,2.38,188.51,4.4
5/24/2019,0.93728608,268.75,6.42,17.42,0.53,13.11,13.64,6.07,2.38,188.51,4.4
5/25/2019,0.8636624,268.75,6.42,17.42,0.53,13.11,13.64,6.07,2.38,188.51,4.4
5/26/2019,0.95427616,268.75,6.42,17.42,0.53,13.11,13.64,6.07,2.38,188.51,4.4
5/27/2019,0.96843456,268.75,6.42,17.42,0.53,13.11,13.64,6.07,2.38,188.51,4.4
5/28/2019,0.79570208,268.75,6.42,17.42,0.53,13.11,13.64,6.07,2.38,188.51,4.4
5/29/2019,0.78154368,268.75,6.42,17.42,0.53,13.11,13.64,6.07,2.38,188.51,4.4
5/30/2019,0.7645536,268.75,6.42,17.42,0.53,13.11,13.64,6.07,2.38,188.51,4.4
5/31/2019,0.73906848,268.75,6.42,17.42,0.53,13.11,13.64,6.07,2.38,188.51,4.4
6/1/2019,0.70508832,275,0.32,19.1,0.53,11.46,11.99,3.36,1.51,202.1,3
6/2/2019,0.69092992,275,0.32,19.1,0.53,11.46,11.99,3.36,1.51,202.1,3
6/3/2019,0.67677152,275,0.32,19.1,0.53,11.46,11.99,3.36,1.51,202.1,3
6/4/2019,0.66261312,275,0.32,19.1,0.53,11.46,11.99,3.36,1.51,202.1,3
6/5/2019,0.64279136,275,0.32,19.1,0.53,11.46,11.99,3.36,1.51,202.1,3
6/6/2019,0.60597952,275,0.32,19.1,0.53,11.46,11.99,3.36,1.51,202.1,3
6/7/2019,0.57483104,275,0.32,19.1,0.53,11.46,11.99,3.36,1.51,202.1,3
6/8/2019,0.56067264,275,0.32,19.1,0.53,11.46,11.99,3.36,1.51,202.1,3
6/9/2019,0.54085088,275,0.32,19.1,0.53,11.46,11.99,3.36,1.51,202.1,3
6/10/2019,0.54085088,275,0.32,19.1,0.53,11.46,11.99,3.36,1.51,202.1,3
6/11/2019,0.52102912,275,0.32,19.1,0.53,11.46,11.99,3.36,1.51,202.1,3
6/12/2019,0.5238608,275,0.32,19.1,0.53,11.46,11.99,3.36,1.51,202.1,3
6/13/2019,0.50687072,275,0.32,19.1,0.53,11.46,11.99,3.36,1.51,202.1,3
6/14/2019,0.52102912,275,0.32,19.1,0.53,11.46,11.99,3.36,1.51,202.1,3
6/15/2019,0.49837568,275,0.32,19.1,0.53,11.46,11.99,3.36,1.51,202.1,3
6/16/2019,0.50687072,275,0.32,19.1,0.53,11.46,11.99,3.36,1.51,202.1,3
6/17/2019,0.5097024,275,0.32,19.1,0.53,11.46,11.99,3.36,1.51,202.1,3
6/18/2019,0.52102912,275,0.32,19.1,0.53,11.46,11.99,3.36,1.51,202.1,3
6/19/2019,0.495544,275,0.32,19.1,0.53,11.46,11.99,3.36,1.51,202.1,3
6/20/2019,0.48988064,275,0.32,19.1,0.53,11.46,11.99,3.36,1.51,202.1,3
6/21/2019,0.48421728,275,0.32,19.1,0.53,11.46,11.99,3.36,1.51,202.1,3
6/22/2019,0.48421728,275,0.32,19.1,0.53,11.46,11.99,3.36,1.51,202.1,3
6/23/2019,0.4813856,275,0.32,19.1,0.53,11.46,11.99,3.36,1.51,202.1,3
6/24/2019,0.4672272,275,0.32,19.1,0.53,11.46,11.99,3.36,1.51,202.1,3
6/25/2019,0.49837568,275,0.32,19.1,0.53,11.46,11.99,3.36,1.51,202.1,3
6/26/2019,0.495544,275,0.32,19.1,0.53,11.46,11.99,3.36,1.51,202.1,3
6/27/2019,0.51536576,275,0.32,19.1,0.53,11.46,11.99,3.36,1.51,202.1,3
6/28/2019,0.50120736,275,0.32,19.1,0.53,11.46,11.99,3.36,1.51,202.1,3
6/29/2019,0.52669248,275,0.32,19.1,0.53,11.46,11.99,3.36,1.51,202.1,3
6/30/2019,0.50687072,275,0.32,19.1,0.53,11.46,11.99,3.36,1.51,202.1,3
7/1/2019,0.51819744,250,9.25,19.83,0.53,17.25,17.78,4.64,2.84,174.37,3.2
7/2/2019,0.51819744,250,9.25,19.83,0.53,17.25,17.78,4.64,2.84,174.37,3.2
7/3/2019,0.50687072,250,9.25,19.83,0.53,17.25,17.78,4.64,2.84,174.37,3.2
7/4/2019,0.52102912,250,9.25,19.83,0.53,17.25,17.78,4.64,2.84,174.37,3.2
7/5/2019,0.52102912,250,9.25,19.83,0.53,17.25,17.78,4.64,2.84,174.37,3.2
7/6/2019,0.51819744,250,9.25,19.83,0.53,17.25,17.78,4.64,2.84,174.37,3.2
7/7/2019,0.50120736,250,9.25,19.83,0.53,17.25,17.78,4.64,2.84,174.37,3.2
7/8/2019,0.49271232,250,9.25,19.83,0.53,17.25,17.78,4.64,2.84,174.37,3.2
7/9/2019,0.49837568,250,9.25,19.83,0.53,17.25,17.78,4.64,2.84,174.37,3.2
7/10/2019,0.495544,250,9.25,19.83,0.53,17.25,17.78,4.64,2.84,174.37,3.2
7/11/2019,0.5097024,250,9.25,19.83,0.53,17.25,17.78,4.64,2.84,174.37,3.2
7/12/2019,0.4813856,250,9.25,19.83,0.53,17.25,17.78,4.64,2.84,174.37,3.2
7/13/2019,0.47289056,250,9.25,19.83,0.53,17.25,17.78,4.64,2.84,174.37,3.2
7/14/2019,0.47855392,250,9.25,19.83,0.53,17.25,17.78,4.64,2.84,174.37,3.2
7/15/2019,0.47005888,250,9.25,19.83,0.53,17.25,17.78,4.64,2.84,174.37,3.2
7/16/2019,0.46439552,250,9.25,19.83,0.53,17.25,17.78,4.64,2.84,174.37,3.2
7/17/2019,0.45590048,250,9.25,19.83,0.53,17.25,17.78,4.64,2.84,174.37,3.2
7/18/2019,0.45590048,250,9.25,19.83,0.53,17.25,17.78,4.64,2.84,174.37,3.2
7/19/2019,0.44457376,250,9.25,19.83,0.53,17.25,17.78,4.64,2.84,174.37,3.2
7/20/2019,0.45023712,250,9.25,19.83,0.53,17.25,17.78,4.64,2.84,174.37,3.2
7/21/2019,0.424752,250,9.25,19.83,0.53,17.25,17.78,4.64,2.84,174.37,3.2
7/22/2019,0.4389104,250,9.25,19.83,0.53,17.25,17.78,4.64,2.84,174.37,3.2
7/23/2019,0.424752,250,9.25,19.83,0.53,17.25,17.78,4.64,2.84,174.37,3.2
7/24/2019,0.41908864,250,9.25,19.83,0.53,17.25,17.78,4.64,2.84,174.37,3.2
7/25/2019,0.39926688,250,9.25,19.83,0.53,17.25,17.78,4.64,2.84,174.37,3.2
7/26/2019,0.40493024,250,9.25,19.83,0.53,17.25,17.78,4.64,2.84,174.37,3.2
7/27/2019,0.40776192,250,9.25,19.83,0.53,17.25,17.78,4.64,2.84,174.37,3.2
7/28/2019,0.41342528,250,9.25,19.83,0.53,17.25,17.78,4.64,2.84,174.37,3.2
7/29/2019,0.39360352,250,9.25,19.83,0.53,17.25,17.78,4.64,2.84,174.37,3.2
7/30/2019,0.40209856,250,9.25,19.83,0.53,17.25,17.78,4.64,2.84,174.37,3.2
7/31/2019,0.39077184,250,9.25,19.83,0.53,17.25,17.78,4.64,2.84,174.37,3.2
8/1/2019,0.4105936,240.625,11.75,21,0.52,12.97,13.49,2.95,2.54,154.1,2.6
8/2/2019,0.42758368,240.625,11.75,21,0.52,12.97,13.49,2.95,2.54,154.1,2.6
8/3/2019,0.4813856,240.625,11.75,21,0.52,12.97,13.49,2.95,2.54,154.1,2.6
8/4/2019,0.43607872,240.625,11.75,21,0.52,12.97,13.49,2.95,2.54,154.1,2.6
8/5/2019,0.4105936,240.625,11.75,21,0.52,12.97,13.49,2.95,2.54,154.1,2.6
8/6/2019,0.41342528,240.625,11.75,21,0.52,12.97,13.49,2.95,2.54,154.1,2.6
8/7/2019,0.42758368,240.625,11.75,21,0.52,12.97,13.49,2.95,2.54,154.1,2.6
8/8/2019,0.43607872,240.625,11.75,21,0.52,12.97,13.49,2.95,2.54,154.1,2.6
8/9/2019,0.42192032,240.625,11.75,21,0.52,12.97,13.49,2.95,2.54,154.1,2.6
8/10/2019,0.40493024,240.625,11.75,21,0.52,12.97,13.49,2.95,2.54,154.1,2.6
8/11/2019,0.40493024,240.625,11.75,21,0.52,12.97,13.49,2.95,2.54,154.1,2.6
8/12/2019,0.41908864,240.625,11.75,21,0.52,12.97,13.49,2.95,2.54,154.1,2.6
8/13/2019,0.38510848,240.625,11.75,21,0.52,12.97,13.49,2.95,2.54,154.1,2.6
8/14/2019,0.37661344,240.625,11.75,21,0.52,12.97,13.49,2.95,2.54,154.1,2.6
8/15/2019,0.3822768,240.625,11.75,21,0.52,12.97,13.49,2.95,2.54,154.1,2.6
8/16/2019,0.3681184,240.625,11.75,21,0.52,12.97,13.49,2.95,2.54,154.1,2.6
8/17/2019,0.36245504,240.625,11.75,21,0.52,12.97,13.49,2.95,2.54,154.1,2.6
8/18/2019,0.35962336,240.625,11.75,21,0.52,12.97,13.49,2.95,2.54,154.1,2.6
8/19/2019,0.35679168,240.625,11.75,21,0.52,12.97,13.49,2.95,2.54,154.1,2.6
8/20/2019,0.35679168,240.625,11.75,21,0.52,12.97,13.49,2.95,2.54,154.1,2.6
8/21/2019,0.37944512,240.625,11.75,21,0.52,12.97,13.49,2.95,2.54,154.1,2.6
8/22/2019,0.39077184,240.625,11.75,21,0.52,12.97,13.49,2.95,2.54,154.1,2.6
8/23/2019,0.3822768,240.625,11.75,21,0.52,12.97,13.49,2.95,2.54,154.1,2.6
8/24/2019,0.38794016,240.625,11.75,21,0.52,12.97,13.49,2.95,2.54,154.1,2.6
8/25/2019,0.39926688,240.625,11.75,21,0.52,12.97,13.49,2.95,2.54,154.1,2.6
8/26/2019,0.37661344,240.625,11.75,21,0.52,12.97,13.49,2.95,2.54,154.1,2.6
8/27/2019,0.36245504,240.625,11.75,21,0.52,12.97,13.49,2.95,2.54,154.1,2.6
8/28/2019,0.35396,240.625,11.75,21,0.52,12.97,13.49,2.95,2.54,154.1,2.6
8/29/2019,0.35962336,240.625,11.75,21,0.52,12.97,13.49,2.95,2.54,154.1,2.6
8/30/2019,0.37661344,240.625,11.75,21,0.52,12.97,13.49,2.95,2.54,154.1,2.6
8/31/2019,0.35679168,240.625,11.75,21,0.52,12.97,13.49,2.95,2.54,154.1,2.6
9/1/2019,0.35396,246.875,8.59,21,0.7,19.65,20.35,5.21,2.9,188.36,3.65
9/2/2019,0.37661344,246.875,8.59,21,0.7,19.65,20.35,5.21,2.9,188.36,3.65
9/3/2019,0.35112832,246.875,8.59,21,0.7,19.65,20.35,5.21,2.9,188.36,3.65
9/4/2019,0.36528672,246.875,8.59,21,0.7,19.65,20.35,5.21,2.9,188.36,3.65
9/5/2019,0.35962336,246.875,8.59,21,0.7,19.65,20.35,5.21,2.9,188.36,3.65
9/6/2019,0.36245504,246.875,8.59,21,0.7,19.65,20.35,5.21,2.9,188.36,3.65
9/7/2019,0.36528672,246.875,8.59,21,0.7,19.65,20.35,5.21,2.9,188.36,3.65
9/8/2019,0.39077184,246.875,8.59,21,0.7,19.65,20.35,5.21,2.9,188.36,3.65
9/9/2019,0.38794016,246.875,8.59,21,0.7,19.65,20.35,5.21,2.9,188.36,3.65
9/10/2019,0.38794016,246.875,8.59,21,0.7,19.65,20.35,5.21,2.9,188.36,3.65
9/11/2019,0.37944512,246.875,8.59,21,0.7,19.65,20.35,5.21,2.9,188.36,3.65
9/12/2019,0.3822768,246.875,8.59,21,0.7,19.65,20.35,5.21,2.9,188.36,3.65
9/13/2019,0.37661344,246.875,8.59,21,0.7,19.65,20.35,5.21,2.9,188.36,3.65
9/14/2019,0.36245504,246.875,8.59,21,0.7,19.65,20.35,5.21,2.9,188.36,3.65
9/15/2019,0.36245504,246.875,8.59,21,0.7,19.65,20.35,5.21,2.9,188.36,3.65
9/16/2019,0.849504,246.875,8.59,21,0.7,19.65,20.35,5.21,2.9,188.36,3.65
9/17/2019,0.63146464,246.875,8.59,21,0.7,19.65,20.35,5.21,2.9,188.36,3.65
9/18/2019,0.45590048,246.875,8.59,21,0.7,19.65,20.35,5.21,2.9,188.36,3.65
9/19/2019,0.43041536,246.875,8.59,21,0.7,19.65,20.35,5.21,2.9,188.36,3.65
9/20/2019,0.41625696,246.875,8.59,21,0.7,19.65,20.35,5.21,2.9,188.36,3.65
9/21/2019,0.40209856,246.875,8.59,21,0.7,19.65,20.35,5.21,2.9,188.36,3.65
9/22/2019,0.43324704,246.875,8.59,21,0.7,19.65,20.35,5.21,2.9,188.36,3.65
9/23/2019,0.4530688,246.875,8.59,21,0.7,19.65,20.35,5.21,2.9,188.36,3.65
9/24/2019,0.37378176,246.875,8.59,21,0.7,19.65,20.35,5.21,2.9,188.36,3.65
9/25/2019,0.36245504,246.875,8.59,21,0.7,19.65,20.35,5.21,2.9,188.36,3.65
9/26/2019,0.36245504,246.875,8.59,21,0.7,19.65,20.35,5.21,2.9,188.36,3.65
9/27/2019,0.3822768,246.875,8.59,21,0.7,19.65,20.35,5.21,2.9,188.36,3.65
9/28/2019,0.37944512,246.875,8.59,21,0.7,19.65,20.35,5.21,2.9,188.36,3.65
9/29/2019,0.3681184,246.875,8.59,21,0.7,19.65,20.35,5.21,2.9,188.36,3.65
9/30/2019,0.3681184,246.875,8.59,21,0.7,19.65,20.35,5.21,2.9,188.36,3.65
10/1/2019,0.35396,253.125,14.15,17.34,0.68,18.17,18.85,5.78,2.54,163.03,4.7
10/2/2019,0.30582144,253.125,14.15,17.34,0.68,18.17,18.85,5.78,2.54,163.03,4.7
10/3/2019,0.26334624,253.125,14.15,17.34,0.68,18.17,18.85,5.78,2.54,163.03,4.7
10/4/2019,0.255417536,253.125,14.15,17.34,0.68,18.17,18.85,5.78,2.54,163.03,4.7
10/5/2019,0.239560128,253.125,14.15,17.34,0.68,18.17,18.85,5.78,2.54,163.03,4.7
10/6/2019,0.237294784,253.125,14.15,17.34,0.68,18.17,18.85,5.78,2.54,163.03,4.7
10/7/2019,0.33696992,253.125,14.15,17.34,0.68,18.17,18.85,5.78,2.54,163.03,4.7
10/8/2019,0.35962336,253.125,14.15,17.34,0.68,18.17,18.85,5.78,2.54,163.03,4.7
10/9/2019,0.35962336,253.125,14.15,17.34,0.68,18.17,18.85,5.78,2.54,163.03,4.7
10/10/2019,0.34263328,253.125,14.15,17.34,0.68,18.17,18.85,5.78,2.54,163.03,4.7
10/11/2019,0.33413824,253.125,14.15,17.34,0.68,18.17,18.85,5.78,2.54,163.03,4.7
10/12/2019,0.3256432,253.125,14.15,17.34,0.68,18.17,18.85,5.78,2.54,163.03,4.7
10/13/2019,0.31997984,253.125,14.15,17.34,0.68,18.17,18.85,5.78,2.54,163.03,4.7
10/14/2019,0.33413824,253.125,14.15,17.34,0.68,18.17,18.85,5.78,2.54,163.03,4.7
10/15/2019,0.32281152,253.125,14.15,17.34,0.68,18.17,18.85,5.78,2.54,163.03,4.7
10/16/2019,0.3398016,253.125,14.15,17.34,0.68,18.17,18.85,5.78,2.54,163.03,4.7
10/17/2019,0.36528672,253.125,14.15,17.34,0.68,18.17,18.85,5.78,2.54,163.03,4.7
10/18/2019,0.36528672,253.125,14.15,17.34,0.68,18.17,18.85,5.78,2.54,163.03,4.7
10/19/2019,0.35679168,253.125,14.15,17.34,0.68,18.17,18.85,5.78,2.54,163.03,4.7
10/20/2019,0.36245504,253.125,14.15,17.34,0.68,18.17,18.85,5.78,2.54,163.03,4.7
10/21/2019,0.35112832,253.125,14.15,17.34,0.68,18.17,18.85,5.78,2.54,163.03,4.7
10/22/2019,0.34263328,253.125,14.15,17.34,0.68,18.17,18.85,5.78,2.54,163.03,4.7
10/23/2019,0.35396,253.125,14.15,17.34,0.68,18.17,18.85,5.78,2.54,163.03,4.7
10/24/2019,0.35112832,253.125,14.15,17.34,0.68,18.17,18.85,5.78,2.54,163.03,4.7
10/25/2019,0.37378176,253.125,14.15,17.34,0.68,18.17,18.85,5.78,2.54,163.03,4.7
10/26/2019,0.35396,253.125,14.15,17.34,0.68,18.17,18.85,5.78,2.54,163.03,4.7
10/27/2019,0.35112832,253.125,14.15,17.34,0.68,18.17,18.85,5.78,2.54,163.03,4.7
10/28/2019,0.36245504,253.125,14.15,17.34,0.68,18.17,18.85,5.78,2.54,163.03,4.7
10/29/2019,0.3681184,253.125,14.15,17.34,0.68,18.17,18.85,5.78,2.54,163.03,4.7
10/30/2019,0.39077184,253.125,14.15,17.34,0.68,18.17,18.85,5.78,2.54,163.03,4.7
10/31/2019,0.39077184,253.125,14.15,17.34,0.68,18.17,18.85,5.78,2.54,163.03,4.7
11/1/2019,0.40209856,250,18.84,14.76,0.81,21.32,22.13,9.64,2.69,121.94,2.9
11/2/2019,0.38794016,250,18.84,14.76,0.81,21.32,22.13,9.64,2.69,121.94,2.9
11/3/2019,0.40209856,250,18.84,14.76,0.81,21.32,22.13,9.64,2.69,121.94,2.9
11/4/2019,0.39926688,250,18.84,14.76,0.81,21.32,22.13,9.64,2.69,121.94,2.9
11/5/2019,0.4105936,250,18.84,14.76,0.81,21.32,22.13,9.64,2.69,121.94,2.9
11/6/2019,0.41908864,250,18.84,14.76,0.81,21.32,22.13,9.64,2.69,121.94,2.9
11/7/2019,0.43324704,250,18.84,14.76,0.81,21.32,22.13,9.64,2.69,121.94,2.9
11/8/2019,0.42192032,250,18.84,14.76,0.81,21.32,22.13,9.64,2.69,121.94,2.9
11/9/2019,0.41342528,250,18.84,14.76,0.81,21.32,22.13,9.64,2.69,121.94,2.9
11/10/2019,0.39360352,250,18.84,14.76,0.81,21.32,22.13,9.64,2.69,121.94,2.9
11/11/2019,0.39360352,250,18.84,14.76,0.81,21.32,22.13,9.64,2.69,121.94,2.9
11/12/2019,0.3822768,250,18.84,14.76,0.81,21.32,22.13,9.64,2.69,121.94,2.9
11/13/2019,0.3964352,250,18.84,14.76,0.81,21.32,22.13,9.64,2.69,121.94,2.9
11/14/2019,0.42192032,250,18.84,14.76,0.81,21.32,22.13,9.64,2.69,121.94,2.9
11/15/2019,0.424752,250,18.84,14.76,0.81,21.32,22.13,9.64,2.69,121.94,2.9
11/16/2019,0.42758368,250,18.84,14.76,0.81,21.32,22.13,9.64,2.69,121.94,2.9
11/17/2019,0.41908864,250,18.84,14.76,0.81,21.32,22.13,9.64,2.69,121.94,2.9
11/18/2019,0.424752,250,18.84,14.76,0.81,21.32,22.13,9.64,2.69,121.94,2.9
11/19/2019,0.4389104,250,18.84,14.76,0.81,21.32,22.13,9.64,2.69,121.94,2.9
11/20/2019,0.67677152,250,18.84,14.76,0.81,21.32,22.13,9.64,2.69,121.94,2.9
11/21/2019,0.46439552,250,18.84,14.76,0.81,21.32,22.13,9.64,2.69,121.94,2.9
11/22/2019,0.45873216,250,18.84,14.76,0.81,21.32,22.13,9.64,2.69,121.94,2.9
11/23/2019,0.44457376,250,18.84,14.76,0.81,21.32,22.13,9.64,2.69,121.94,2.9
11/24/2019,0.4530688,250,18.84,14.76,0.81,21.32,22.13,9.64,2.69,121.94,2.9
11/25/2019,0.45590048,250,18.84,14.76,0.81,21.32,22.13,9.64,2.69,121.94,2.9
11/26/2019,0.86932576,250,18.84,14.76,0.81,21.32,22.13,9.64,2.69,121.94,2.9
11/27/2019,7.4190016,250,18.84,14.76,0.81,21.32,22.13,9.64,2.69,121.94,2.9
11/28/2019,1.51778048,250,18.84,14.76,0.81,21.32,22.13,9.64,2.69,121.94,2.9
11/29/2019,0.51253408,250,18.84,14.76,0.81,21.32,22.13,9.64,2.69,121.94,2.9
11/30/2019,0.69659328,250,18.84,14.76,0.81,21.32,22.13,9.64,2.69,121.94,2.9
12/1/2019,0.99675136,287.5,13.93,11.48,0.97,29.52,30.49,15.35,2.52,155.86,2.8
12/2/2019,5.9182112,287.5,13.93,11.48,0.97,29.52,30.49,15.35,2.52,155.86,2.8
12/3/2019,1.98783936,287.5,13.93,11.48,0.97,29.52,30.49,15.35,2.52,155.86,2.8
12/4/2019,5.4651424,287.5,13.93,11.48,0.97,29.52,30.49,15.35,2.52,155.86,2.8
12/5/2019,2.72407616,287.5,13.93,11.48,0.97,29.52,30.49,15.35,2.52,155.86,2.8
12/6/2019,1.0194048,287.5,13.93,11.48,0.97,29.52,30.49,15.35,2.52,155.86,2.8
12/7/2019,3.7661344,287.5,13.93,11.48,0.97,29.52,30.49,15.35,2.52,155.86,2.8
12/8/2019,6.3995968,287.5,13.93,11.48,0.97,29.52,30.49,15.35,2.52,155.86,2.8
12/9/2019,1.06754336,287.5,13.93,11.48,0.97,29.52,30.49,15.35,2.52,155.86,2.8
12/10/2019,0.85516736,287.5,13.93,11.48,0.97,29.52,30.49,15.35,2.52,155.86,2.8
12/11/2019,1.01657312,287.5,13.93,11.48,0.97,29.52,30.49,15.35,2.52,155.86,2.8
12/12/2019,0.81835552,287.5,13.93,11.48,0.97,29.52,30.49,15.35,2.52,155.86,2.8
12/13/2019,0.74473184,287.5,13.93,11.48,0.97,29.52,30.49,15.35,2.52,155.86,2.8
12/14/2019,0.991088,287.5,13.93,11.48,0.97,29.52,30.49,15.35,2.52,155.86,2.8
12/15/2019,1.1043552,287.5,13.93,11.48,0.97,29.52,30.49,15.35,2.52,155.86,2.8
12/16/2019,0.71075168,287.5,13.93,11.48,0.97,29.52,30.49,15.35,2.52,155.86,2.8
12/17/2019,0.62863296,287.5,13.93,11.48,0.97,29.52,30.49,15.35,2.52,155.86,2.8
12/18/2019,1.01657312,287.5,13.93,11.48,0.97,29.52,30.49,15.35,2.52,155.86,2.8
12/19/2019,0.81269216,287.5,13.93,11.48,0.97,29.52,30.49,15.35,2.52,155.86,2.8
12/20/2019,0.64562304,287.5,13.93,11.48,0.97,29.52,30.49,15.35,2.52,155.86,2.8
12/21/2019,0.60314784,287.5,13.93,11.48,0.97,29.52,30.49,15.35,2.52,155.86,2.8
12/22/2019,2.40409632,287.5,13.93,11.48,0.97,29.52,30.49,15.35,2.52,155.86,2.8
12/23/2019,1.94819584,287.5,13.93,11.48,0.97,29.52,30.49,15.35,2.52,155.86,2.8
12/24/2019,0.74756352,287.5,13.93,11.48,0.97,29.52,30.49,15.35,2.52,155.86,2.8
12/25/2019,1.02223648,287.5,13.93,11.48,0.97,29.52,30.49,15.35,2.52,155.86,2.8
12/26/2019,0.75889024,287.5,13.93,11.48,0.97,29.52,30.49,15.35,2.52,155.86,2.8
12/27/2019,0.64279136,287.5,13.93,11.48,0.97,29.52,30.49,15.35,2.52,155.86,2.8
12/28/2019,0.61447456,287.5,13.93,11.48,0.97,29.52,30.49,15.35,2.52,155.86,2.8
12/29/2019,1.345048,287.5,13.93,11.48,0.97,29.52,30.49,15.35,2.52,155.86,2.8
12/30/2019,2.70708608,287.5,13.93,11.48,0.97,29.52,30.49,15.35,2.52,155.86,2.8
12/31/2019,0.78437536,287.5,13.93,11.48,0.97,29.52,30.49,15.35,2.52,155.86,2.8
