# flow data source for Sacramento River and San Joaquin River,,,,,,,,,,,
#    USGS 11455420 SACRAMENTO R A RIO VISTA CA,,,,,,,,,,,
# https://waterdata.usgs.gov/nwis/inventory/?site_no=11455420&agency_cd=USGS&amp;,,,,,,,,,,,
#    USGS 11337190 SAN JOAQUIN R A JERSEY POINT CA,,,,,,,,,,,
# https://waterdata.usgs.gov/monitoring-location/11337190/#dataTypeId=continuous-00060-0&period=P7D&showMedian=false,,,,,,,,,,,
# constituent data from USGS San Francisco Water Quality monitoring station 9 ,,,,,,,,,,,
"# Cloern, J.E., and Schraga, T.S., 2016, USGS Measurements of Water Quality in San Francisco Bay (CA), 1969-2015 (ver. 3.0 June 2017): U. S. Geological Survey data release, https://doi.org/10.5066/F7TQ5ZPR. https://www.sciencebase.gov/catalog/item/5841f97ee4b04fc80e518d9f Schraga, T.S. & Cloern, J.E. Water Quality Measurements in San Francisco Bay by the U.S.Geological Survey, 1969-2015. Scientific Data 4:170098 doi:10.1038/sdata.2017.98 (2017). https://www.nature.com/articles/sdata201798",,,,,,,,,,,
# https://www.usgs.gov/centers/california-water-science-center/science/sampling-locations-water-quality-san-francisco-bay,,,,,,,,,,,
# https://www.usgs.gov/data/usgs-measurements-water-quality-san-francisco-bay-ca-2016-2021-ver-40-march-2023,,,,,,,,,,,
date,flow m3/s,Oxygen mmol/m3,Salinity PSU,Temperature C,Nitrite mmol/m3,Nitrate mmol/m3,Nitrate_Nitrite mmol/m3,Ammonium mmol/m3,Phosphate mmol/m3,Silicate mmol/m3,Chlorophyll mg/m3
1/1/2018,357.074848,284.375,17.11,11.11,1,30.7,31.7,13.85,2.49,141.4,2.7
1/2/2018,389.072832,284.375,17.11,11.11,1,30.7,31.7,13.85,2.49,141.4,2.7
1/3/2018,342.350112,284.375,17.11,11.11,1,30.7,31.7,13.85,2.49,141.4,2.7
1/4/2018,288.83136,284.375,17.11,11.11,1,30.7,31.7,13.85,2.49,141.4,2.7
1/5/2018,308.65312,284.375,17.11,11.11,1,30.7,31.7,13.85,2.49,141.4,2.7
1/6/2018,328.47488,284.375,17.11,11.11,1,30.7,31.7,13.85,2.49,141.4,2.7
1/7/2018,317.14816,284.375,17.11,11.11,1,30.7,31.7,13.85,2.49,141.4,2.7
1/8/2018,319.97984,284.375,17.11,11.11,1,30.7,31.7,13.85,2.49,141.4,2.7
1/9/2018,504.03904,284.375,17.11,11.11,1,30.7,31.7,13.85,2.49,141.4,2.7
1/10/2018,682.43488,284.375,17.11,11.11,1,30.7,31.7,13.85,2.49,141.4,2.7
1/11/2018,948.6128,284.375,17.11,11.11,1,30.7,31.7,13.85,2.49,141.4,2.7
1/12/2018,878.953472,284.375,17.11,11.11,1,30.7,31.7,13.85,2.49,141.4,2.7
1/13/2018,771.066464,284.375,17.11,11.11,1,30.7,31.7,13.85,2.49,141.4,2.7
1/14/2018,598.90032,284.375,17.11,11.11,1,30.7,31.7,13.85,2.49,141.4,2.7
1/15/2018,522.728128,284.375,17.11,11.11,1,30.7,31.7,13.85,2.49,141.4,2.7
1/16/2018,558.407296,284.375,17.11,11.11,1,30.7,31.7,13.85,2.49,141.4,2.7
1/17/2018,573.132032,284.375,17.11,11.11,1,30.7,31.7,13.85,2.49,141.4,2.7
1/18/2018,452.219296,284.375,17.11,11.11,1,30.7,31.7,13.85,2.49,141.4,2.7
1/19/2018,515.932096,284.375,17.11,11.11,1,30.7,31.7,13.85,2.49,141.4,2.7
1/20/2018,600.31616,284.375,17.11,11.11,1,30.7,31.7,13.85,2.49,141.4,2.7
1/21/2018,620.704256,284.375,17.11,11.11,1,30.7,31.7,13.85,2.49,141.4,2.7
1/22/2018,567.185504,284.375,17.11,11.11,1,30.7,31.7,13.85,2.49,141.4,2.7
1/23/2018,433.9266432,284.375,17.11,11.11,1,30.7,31.7,13.85,2.49,141.4,2.7
1/24/2018,399.26688,284.375,17.11,11.11,1,30.7,31.7,13.85,2.49,141.4,2.7
1/25/2018,501.348944,284.375,17.11,11.11,1,30.7,31.7,13.85,2.49,141.4,2.7
1/26/2018,566.052832,284.375,17.11,11.11,1,30.7,31.7,13.85,2.49,141.4,2.7
1/27/2018,562.654816,284.375,17.11,11.11,1,30.7,31.7,13.85,2.49,141.4,2.7
1/28/2018,555.00928,284.375,17.11,11.11,1,30.7,31.7,13.85,2.49,141.4,2.7
1/29/2018,508.003392,284.375,17.11,11.11,1,30.7,31.7,13.85,2.49,141.4,2.7
1/30/2018,480.252928,284.375,17.11,11.11,1,30.7,31.7,13.85,2.49,141.4,2.7
1/31/2018,506.304384,284.375,17.11,11.11,1,30.7,31.7,13.85,2.49,141.4,2.7
2/1/2018,543.399392,278.125,11.72,12.87,1.27,36.71,37.98,11.71,2.5,194.1,2.5
2/2/2018,526.409312,278.125,11.72,12.87,1.27,36.71,37.98,11.71,2.5,194.1,2.5
2/3/2018,488.747968,278.125,11.72,12.87,1.27,36.71,37.98,11.71,2.5,194.1,2.5
2/4/2018,461.56384,278.125,11.72,12.87,1.27,36.71,37.98,11.71,2.5,194.1,2.5
2/5/2018,450.23712,278.125,11.72,12.87,1.27,36.71,37.98,11.71,2.5,194.1,2.5
2/6/2018,436.361888,278.125,11.72,12.87,1.27,36.71,37.98,11.71,2.5,194.1,2.5
2/7/2018,376.3585888,278.125,11.72,12.87,1.27,36.71,37.98,11.71,2.5,194.1,2.5
2/8/2018,336.96992,278.125,11.72,12.87,1.27,36.71,37.98,11.71,2.5,194.1,2.5
2/9/2018,339.8016,278.125,11.72,12.87,1.27,36.71,37.98,11.71,2.5,194.1,2.5
2/10/2018,370.95008,278.125,11.72,12.87,1.27,36.71,37.98,11.71,2.5,194.1,2.5
2/11/2018,319.97984,278.125,11.72,12.87,1.27,36.71,37.98,11.71,2.5,194.1,2.5
2/12/2018,447.688608,278.125,11.72,12.87,1.27,36.71,37.98,11.71,2.5,194.1,2.5
2/13/2018,483.084608,278.125,11.72,12.87,1.27,36.71,37.98,11.71,2.5,194.1,2.5
2/14/2018,412.575776,278.125,11.72,12.87,1.27,36.71,37.98,11.71,2.5,194.1,2.5
2/15/2018,513.383584,278.125,11.72,12.87,1.27,36.71,37.98,11.71,2.5,194.1,2.5
2/16/2018,405.779744,278.125,11.72,12.87,1.27,36.71,37.98,11.71,2.5,194.1,2.5
2/17/2018,253.718528,278.125,11.72,12.87,1.27,36.71,37.98,11.71,2.5,194.1,2.5
2/18/2018,246.35616,278.125,11.72,12.87,1.27,36.71,37.98,11.71,2.5,194.1,2.5
2/19/2018,578.229056,278.125,11.72,12.87,1.27,36.71,37.98,11.71,2.5,194.1,2.5
2/20/2018,444.290592,278.125,11.72,12.87,1.27,36.71,37.98,11.71,2.5,194.1,2.5
2/21/2018,264.195744,278.125,11.72,12.87,1.27,36.71,37.98,11.71,2.5,194.1,2.5
2/22/2018,317.714496,278.125,11.72,12.87,1.27,36.71,37.98,11.71,2.5,194.1,2.5
2/23/2018,476.005408,278.125,11.72,12.87,1.27,36.71,37.98,11.71,2.5,194.1,2.5
2/24/2018,376.896608,278.125,11.72,12.87,1.27,36.71,37.98,11.71,2.5,194.1,2.5
2/25/2018,305.538272,278.125,11.72,12.87,1.27,36.71,37.98,11.71,2.5,194.1,2.5
2/26/2018,304.4056,278.125,11.72,12.87,1.27,36.71,37.98,11.71,2.5,194.1,2.5
2/27/2018,401.249056,278.125,11.72,12.87,1.27,36.71,37.98,11.71,2.5,194.1,2.5
2/28/2018,309.502624,278.125,11.72,12.87,1.27,36.71,37.98,11.71,2.5,194.1,2.5
3/1/2018,287.7836384,281.25,17.31,12.87,0.9,29.73,30.63,8.35,2.48,136.33,3.1
3/2/2018,581.627072,281.25,17.31,12.87,0.9,29.73,30.63,8.35,2.48,136.33,3.1
3/3/2018,636.278496,281.25,17.31,12.87,0.9,29.73,30.63,8.35,2.48,136.33,3.1
3/4/2018,659.215104,281.25,17.31,12.87,0.9,29.73,30.63,8.35,2.48,136.33,3.1
3/5/2018,497.809344,281.25,17.31,12.87,0.9,29.73,30.63,8.35,2.48,136.33,3.1
3/6/2018,305.82144,281.25,17.31,12.87,0.9,29.73,30.63,8.35,2.48,136.33,3.1
3/7/2018,273.540288,281.25,17.31,12.87,0.9,29.73,30.63,8.35,2.48,136.33,3.1
3/8/2018,277.787808,281.25,17.31,12.87,0.9,29.73,30.63,8.35,2.48,136.33,3.1
3/9/2018,276.371968,281.25,17.31,12.87,0.9,29.73,30.63,8.35,2.48,136.33,3.1
3/10/2018,367.268896,281.25,17.31,12.87,0.9,29.73,30.63,8.35,2.48,136.33,3.1
3/11/2018,406.912416,281.25,17.31,12.87,0.9,29.73,30.63,8.35,2.48,136.33,3.1
3/12/2018,249.18784,281.25,17.31,12.87,0.9,29.73,30.63,8.35,2.48,136.33,3.1
3/13/2018,271.84128,281.25,17.31,12.87,0.9,29.73,30.63,8.35,2.48,136.33,3.1
3/14/2018,431.8312,281.25,17.31,12.87,0.9,29.73,30.63,8.35,2.48,136.33,3.1
3/15/2018,536.037024,281.25,17.31,12.87,0.9,29.73,30.63,8.35,2.48,136.33,3.1
3/16/2018,764.270432,281.25,17.31,12.87,0.9,29.73,30.63,8.35,2.48,136.33,3.1
3/17/2018,980.044448,281.25,17.31,12.87,0.9,29.73,30.63,8.35,2.48,136.33,3.1
3/18/2018,947.763296,281.25,17.31,12.87,0.9,29.73,30.63,8.35,2.48,136.33,3.1
3/19/2018,812.69216,281.25,17.31,12.87,0.9,29.73,30.63,8.35,2.48,136.33,3.1
3/20/2018,651.852736,281.25,17.31,12.87,0.9,29.73,30.63,8.35,2.48,136.33,3.1
3/21/2018,555.2641312,281.25,17.31,12.87,0.9,29.73,30.63,8.35,2.48,136.33,3.1
3/22/2018,1082.268096,281.25,17.31,12.87,0.9,29.73,30.63,8.35,2.48,136.33,3.1
3/23/2018,1792.45344,281.25,17.31,12.87,0.9,29.73,30.63,8.35,2.48,136.33,3.1
3/24/2018,2013.32448,281.25,17.31,12.87,0.9,29.73,30.63,8.35,2.48,136.33,3.1
3/25/2018,2098.27488,281.25,17.31,12.87,0.9,29.73,30.63,8.35,2.48,136.33,3.1
3/26/2018,1840.592,281.25,17.31,12.87,0.9,29.73,30.63,8.35,2.48,136.33,3.1
3/27/2018,1497.95872,281.25,17.31,12.87,0.9,29.73,30.63,8.35,2.48,136.33,3.1
3/28/2018,1255.000576,281.25,17.31,12.87,0.9,29.73,30.63,8.35,2.48,136.33,3.1
3/29/2018,1157.024448,281.25,17.31,12.87,0.9,29.73,30.63,8.35,2.48,136.33,3.1
3/30/2018,1061.313664,281.25,17.31,12.87,0.9,29.73,30.63,8.35,2.48,136.33,3.1
3/31/2018,887.448512,281.25,17.31,12.87,0.9,29.73,30.63,8.35,2.48,136.33,3.1
4/1/2018,848.937664,290.625,0.28,14.79,0.54,15.31,15.85,4.64,1.83,245.39,3.8
4/2/2018,851.769344,290.625,0.28,14.79,0.54,15.31,15.85,4.64,1.83,245.39,3.8
4/3/2018,843.84064,290.625,0.28,14.79,0.54,15.31,15.85,4.64,1.83,245.39,3.8
4/4/2018,918.88016,290.625,0.28,14.79,0.54,15.31,15.85,4.64,1.83,245.39,3.8
4/5/2018,1226.966944,290.625,0.28,14.79,0.54,15.31,15.85,4.64,1.83,245.39,3.8
4/6/2018,1546.09728,290.625,0.28,14.79,0.54,15.31,15.85,4.64,1.83,245.39,3.8
4/7/2018,2010.4928,290.625,0.28,14.79,0.54,15.31,15.85,4.64,1.83,245.39,3.8
4/8/2018,2350.2944,290.625,0.28,14.79,0.54,15.31,15.85,4.64,1.83,245.39,3.8
4/9/2018,2279.5024,290.625,0.28,14.79,0.54,15.31,15.85,4.64,1.83,245.39,3.8
4/10/2018,2271.00736,290.625,0.28,14.79,0.54,15.31,15.85,4.64,1.83,245.39,3.8
4/11/2018,2290.82912,290.625,0.28,14.79,0.54,15.31,15.85,4.64,1.83,245.39,3.8
4/12/2018,2220.03712,290.625,0.28,14.79,0.54,15.31,15.85,4.64,1.83,245.39,3.8
4/13/2018,1888.73056,290.625,0.28,14.79,0.54,15.31,15.85,4.64,1.83,245.39,3.8
4/14/2018,1446.98848,290.625,0.28,14.79,0.54,15.31,15.85,4.64,1.83,245.39,3.8
4/15/2018,1138.33536,290.625,0.28,14.79,0.54,15.31,15.85,4.64,1.83,245.39,3.8
4/16/2018,1274.256,290.625,0.28,14.79,0.54,15.31,15.85,4.64,1.83,245.39,3.8
4/17/2018,1186.47392,290.625,0.28,14.79,0.54,15.31,15.85,4.64,1.83,245.39,3.8
4/18/2018,921.995008,290.625,0.28,14.79,0.54,15.31,15.85,4.64,1.83,245.39,3.8
4/19/2018,902.739584,290.625,0.28,14.79,0.54,15.31,15.85,4.64,1.83,245.39,3.8
4/20/2018,829.115904,290.625,0.28,14.79,0.54,15.31,15.85,4.64,1.83,245.39,3.8
4/21/2018,686.965568,290.625,0.28,14.79,0.54,15.31,15.85,4.64,1.83,245.39,3.8
4/22/2018,583.042912,290.625,0.28,14.79,0.54,15.31,15.85,4.64,1.83,245.39,3.8
4/23/2018,468.926208,290.625,0.28,14.79,0.54,15.31,15.85,4.64,1.83,245.39,3.8
4/24/2018,418.4373536,290.625,0.28,14.79,0.54,15.31,15.85,4.64,1.83,245.39,3.8
4/25/2018,400.68272,290.625,0.28,14.79,0.54,15.31,15.85,4.64,1.83,245.39,3.8
4/26/2018,418.522304,290.625,0.28,14.79,0.54,15.31,15.85,4.64,1.83,245.39,3.8
4/27/2018,606.262688,290.625,0.28,14.79,0.54,15.31,15.85,4.64,1.83,245.39,3.8
4/28/2018,554.442944,290.625,0.28,14.79,0.54,15.31,15.85,4.64,1.83,245.39,3.8
4/29/2018,506.587552,290.625,0.28,14.79,0.54,15.31,15.85,4.64,1.83,245.39,3.8
4/30/2018,473.456896,290.625,0.28,14.79,0.54,15.31,15.85,4.64,1.83,245.39,3.8
5/1/2018,281.5256256,284.375,3.74,16.99,1.11,17.6,18.71,5,3.55,207.43,2.5
5/2/2018,312.617472,284.375,3.74,16.99,1.11,17.6,18.71,5,3.55,207.43,2.5
5/3/2018,478.837088,284.375,3.74,16.99,1.11,17.6,18.71,5,3.55,207.43,2.5
5/4/2018,475.439072,284.375,3.74,16.99,1.11,17.6,18.71,5,3.55,207.43,2.5
5/5/2018,366.419392,284.375,3.74,16.99,1.11,17.6,18.71,5,3.55,207.43,2.5
5/6/2018,500.074688,284.375,3.74,16.99,1.11,17.6,18.71,5,3.55,207.43,2.5
5/7/2018,399.26688,284.375,3.74,16.99,1.11,17.6,18.71,5,3.55,207.43,2.5
5/8/2018,260.797728,284.375,3.74,16.99,1.11,17.6,18.71,5,3.55,207.43,2.5
5/9/2018,333.288736,284.375,3.74,16.99,1.11,17.6,18.71,5,3.55,207.43,2.5
5/10/2018,369.251072,284.375,3.74,16.99,1.11,17.6,18.71,5,3.55,207.43,2.5
5/11/2018,307.803616,284.375,3.74,16.99,1.11,17.6,18.71,5,3.55,207.43,2.5
5/12/2018,153.760224,284.375,3.74,16.99,1.11,17.6,18.71,5,3.55,207.43,2.5
5/13/2018,243.5811136,284.375,3.74,16.99,1.11,17.6,18.71,5,3.55,207.43,2.5
5/14/2018,336.96992,284.375,3.74,16.99,1.11,17.6,18.71,5,3.55,207.43,2.5
5/15/2018,315.165984,284.375,3.74,16.99,1.11,17.6,18.71,5,3.55,207.43,2.5
5/16/2018,319.97984,284.375,3.74,16.99,1.11,17.6,18.71,5,3.55,207.43,2.5
5/17/2018,249.471008,284.375,3.74,16.99,1.11,17.6,18.71,5,3.55,207.43,2.5
5/18/2018,252.869024,284.375,3.74,16.99,1.11,17.6,18.71,5,3.55,207.43,2.5
5/19/2018,305.255104,284.375,3.74,16.99,1.11,17.6,18.71,5,3.55,207.43,2.5
5/20/2018,375.480768,284.375,3.74,16.99,1.11,17.6,18.71,5,3.55,207.43,2.5
5/21/2018,291.379872,284.375,3.74,16.99,1.11,17.6,18.71,5,3.55,207.43,2.5
5/22/2018,253.43536,284.375,3.74,16.99,1.11,17.6,18.71,5,3.55,207.43,2.5
5/23/2018,310.918464,284.375,3.74,16.99,1.11,17.6,18.71,5,3.55,207.43,2.5
5/24/2018,353.96,284.375,3.74,16.99,1.11,17.6,18.71,5,3.55,207.43,2.5
5/25/2018,388.223328,284.375,3.74,16.99,1.11,17.6,18.71,5,3.55,207.43,2.5
5/26/2018,333.571904,284.375,3.74,16.99,1.11,17.6,18.71,5,3.55,207.43,2.5
5/27/2018,370.383744,284.375,3.74,16.99,1.11,17.6,18.71,5,3.55,207.43,2.5
5/28/2018,460.148,284.375,3.74,16.99,1.11,17.6,18.71,5,3.55,207.43,2.5
5/29/2018,369.251072,284.375,3.74,16.99,1.11,17.6,18.71,5,3.55,207.43,2.5
5/30/2018,400.399552,284.375,3.74,16.99,1.11,17.6,18.71,5,3.55,207.43,2.5
5/31/2018,540.85088,284.375,3.74,16.99,1.11,17.6,18.71,5,3.55,207.43,2.5
6/1/2018,390.205504,246.875,14.18,18.66,1.03,26.81,27.84,5.93,4.23,129.86,2.3
6/2/2018,276.0888,246.875,14.18,18.66,1.03,26.81,27.84,5.93,4.23,129.86,2.3
6/3/2018,208.977984,246.875,14.18,18.66,1.03,26.81,27.84,5.93,4.23,129.86,2.3
6/4/2018,268.726432,246.875,14.18,18.66,1.03,26.81,27.84,5.93,4.23,129.86,2.3
6/5/2018,317.2614272,246.875,14.18,18.66,1.03,26.81,27.84,5.93,4.23,129.86,2.3
6/6/2018,275.7150182,246.875,14.18,18.66,1.03,26.81,27.84,5.93,4.23,129.86,2.3
6/7/2018,301.007584,246.875,14.18,18.66,1.03,26.81,27.84,5.93,4.23,129.86,2.3
6/8/2018,212.092832,246.875,14.18,18.66,1.03,26.81,27.84,5.93,4.23,129.86,2.3
6/9/2018,221.720544,246.875,14.18,18.66,1.03,26.81,27.84,5.93,4.23,129.86,2.3
6/10/2018,270.991776,246.875,14.18,18.66,1.03,26.81,27.84,5.93,4.23,129.86,2.3
6/11/2018,195.102752,246.875,14.18,18.66,1.03,26.81,27.84,5.93,4.23,129.86,2.3
6/12/2018,182.926528,246.875,14.18,18.66,1.03,26.81,27.84,5.93,4.23,129.86,2.3
6/13/2018,180.944352,246.875,14.18,18.66,1.03,26.81,27.84,5.93,4.23,129.86,2.3
6/14/2018,187.174048,246.875,14.18,18.66,1.03,26.81,27.84,5.93,4.23,129.86,2.3
6/15/2018,175.280992,246.875,14.18,18.66,1.03,26.81,27.84,5.93,4.23,129.86,2.3
6/16/2018,210.110656,246.875,14.18,18.66,1.03,26.81,27.84,5.93,4.23,129.86,2.3
6/17/2018,374.064928,246.875,14.18,18.66,1.03,26.81,27.84,5.93,4.23,129.86,2.3
6/18/2018,353.393664,246.875,14.18,18.66,1.03,26.81,27.84,5.93,4.23,129.86,2.3
6/19/2018,308.936288,246.875,14.18,18.66,1.03,26.81,27.84,5.93,4.23,129.86,2.3
6/20/2018,327.05904,246.875,14.18,18.66,1.03,26.81,27.84,5.93,4.23,129.86,2.3
6/21/2018,295.344224,246.875,14.18,18.66,1.03,26.81,27.84,5.93,4.23,129.86,2.3
6/22/2018,181.4823712,246.875,14.18,18.66,1.03,26.81,27.84,5.93,4.23,129.86,2.3
6/23/2018,124.310752,246.875,14.18,18.66,1.03,26.81,27.84,5.93,4.23,129.86,2.3
6/24/2018,137.053312,246.875,14.18,18.66,1.03,26.81,27.84,5.93,4.23,129.86,2.3
6/25/2018,381.710464,246.875,14.18,18.66,1.03,26.81,27.84,5.93,4.23,129.86,2.3
6/26/2018,317.997664,246.875,14.18,18.66,1.03,26.81,27.84,5.93,4.23,129.86,2.3
6/27/2018,214.4148096,246.875,14.18,18.66,1.03,26.81,27.84,5.93,4.23,129.86,2.3
6/28/2018,347.447136,246.875,14.18,18.66,1.03,26.81,27.84,5.93,4.23,129.86,2.3
6/29/2018,311.767968,246.875,14.18,18.66,1.03,26.81,27.84,5.93,4.23,129.86,2.3
6/30/2018,208.12848,246.875,14.18,18.66,1.03,26.81,27.84,5.93,4.23,129.86,2.3
7/1/2018,196.518592,243.75,15.36,20.34,0.78,26.56,27.34,4.5,3.26,142.98,2.6
7/2/2018,231.6540774,243.75,15.36,20.34,0.78,26.56,27.34,4.5,3.26,142.98,2.6
7/3/2018,235.02944,243.75,15.36,20.34,0.78,26.56,27.34,4.5,3.26,142.98,2.6
7/4/2018,386.807488,243.75,15.36,20.34,0.78,26.56,27.34,4.5,3.26,142.98,2.6
7/5/2018,421.070816,243.75,15.36,20.34,0.78,26.56,27.34,4.5,3.26,142.98,2.6
7/6/2018,257.0882272,243.75,15.36,20.34,0.78,26.56,27.34,4.5,3.26,142.98,2.6
7/7/2018,188.30672,243.75,15.36,20.34,0.78,26.56,27.34,4.5,3.26,142.98,2.6
7/8/2018,194.819584,243.75,15.36,20.34,0.78,26.56,27.34,4.5,3.26,142.98,2.6
7/9/2018,195.102752,243.75,15.36,20.34,0.78,26.56,27.34,4.5,3.26,142.98,2.6
7/10/2018,149.795872,243.75,15.36,20.34,0.78,26.56,27.34,4.5,3.26,142.98,2.6
7/11/2018,130.823616,243.75,15.36,20.34,0.78,26.56,27.34,4.5,3.26,142.98,2.6
7/12/2018,184.908704,243.75,15.36,20.34,0.78,26.56,27.34,4.5,3.26,142.98,2.6
7/13/2018,265.045248,243.75,15.36,20.34,0.78,26.56,27.34,4.5,3.26,142.98,2.6
7/14/2018,222.570048,243.75,15.36,20.34,0.78,26.56,27.34,4.5,3.26,142.98,2.6
7/15/2018,296.476896,243.75,15.36,20.34,0.78,26.56,27.34,4.5,3.26,142.98,2.6
7/16/2018,320.263008,243.75,15.36,20.34,0.78,26.56,27.34,4.5,3.26,142.98,2.6
7/17/2018,298.2891712,243.75,15.36,20.34,0.78,26.56,27.34,4.5,3.26,142.98,2.6
7/18/2018,240.975968,243.75,15.36,20.34,0.78,26.56,27.34,4.5,3.26,142.98,2.6
7/19/2018,211.526496,243.75,15.36,20.34,0.78,26.56,27.34,4.5,3.26,142.98,2.6
7/20/2018,219.4552,243.75,15.36,20.34,0.78,26.56,27.34,4.5,3.26,142.98,2.6
7/21/2018,246.072992,243.75,15.36,20.34,0.78,26.56,27.34,4.5,3.26,142.98,2.6
7/22/2018,273.540288,243.75,15.36,20.34,0.78,26.56,27.34,4.5,3.26,142.98,2.6
7/23/2018,259.665056,243.75,15.36,20.34,0.78,26.56,27.34,4.5,3.26,142.98,2.6
7/24/2018,252.585856,243.75,15.36,20.34,0.78,26.56,27.34,4.5,3.26,142.98,2.6
7/25/2018,244.94032,243.75,15.36,20.34,0.78,26.56,27.34,4.5,3.26,142.98,2.6
7/26/2018,237.577952,243.75,15.36,20.34,0.78,26.56,27.34,4.5,3.26,142.98,2.6
7/27/2018,248.055168,243.75,15.36,20.34,0.78,26.56,27.34,4.5,3.26,142.98,2.6
7/28/2018,310.635296,243.75,15.36,20.34,0.78,26.56,27.34,4.5,3.26,142.98,2.6
7/29/2018,320.546176,243.75,15.36,20.34,0.78,26.56,27.34,4.5,3.26,142.98,2.6
7/30/2018,284.6687904,243.75,15.36,20.34,0.78,26.56,27.34,4.5,3.26,142.98,2.6
7/31/2018,280.053152,243.75,15.36,20.34,0.78,26.56,27.34,4.5,3.26,142.98,2.6
8/1/2018,291.66304,237.5,15.49,20.21,0.75,24.1,24.85,6,3.49,143.76,2.4
8/2/2018,294.49472,237.5,15.49,20.21,0.75,24.1,24.85,6,3.49,143.76,2.4
8/3/2018,294.49472,237.5,15.49,20.21,0.75,24.1,24.85,6,3.49,143.76,2.4
8/4/2018,262.213568,237.5,15.49,20.21,0.75,24.1,24.85,6,3.49,143.76,2.4
8/5/2018,267.310592,237.5,15.49,20.21,0.75,24.1,24.85,6,3.49,143.76,2.4
8/6/2018,260.51456,237.5,15.49,20.21,0.75,24.1,24.85,6,3.49,143.76,2.4
8/7/2018,246.35616,237.5,15.49,20.21,0.75,24.1,24.85,6,3.49,143.76,2.4
8/8/2018,279.486816,237.5,15.49,20.21,0.75,24.1,24.85,6,3.49,143.76,2.4
8/9/2018,278.637312,237.5,15.49,20.21,0.75,24.1,24.85,6,3.49,143.76,2.4
8/10/2018,276.938304,237.5,15.49,20.21,0.75,24.1,24.85,6,3.49,143.76,2.4
8/11/2018,282.318496,237.5,15.49,20.21,0.75,24.1,24.85,6,3.49,143.76,2.4
8/12/2018,270.708608,237.5,15.49,20.21,0.75,24.1,24.85,6,3.49,143.76,2.4
8/13/2018,277.221472,237.5,15.49,20.21,0.75,24.1,24.85,6,3.49,143.76,2.4
8/14/2018,291.66304,237.5,15.49,20.21,0.75,24.1,24.85,6,3.49,143.76,2.4
8/15/2018,297.3264,237.5,15.49,20.21,0.75,24.1,24.85,6,3.49,143.76,2.4
8/16/2018,294.49472,237.5,15.49,20.21,0.75,24.1,24.85,6,3.49,143.76,2.4
8/17/2018,266.17792,237.5,15.49,20.21,0.75,24.1,24.85,6,3.49,143.76,2.4
8/18/2018,218.03936,237.5,15.49,20.21,0.75,24.1,24.85,6,3.49,143.76,2.4
8/19/2018,211.243328,237.5,15.49,20.21,0.75,24.1,24.85,6,3.49,143.76,2.4
8/20/2018,238.144288,237.5,15.49,20.21,0.75,24.1,24.85,6,3.49,143.76,2.4
8/21/2018,285.99968,237.5,15.49,20.21,0.75,24.1,24.85,6,3.49,143.76,2.4
8/22/2018,288.83136,237.5,15.49,20.21,0.75,24.1,24.85,6,3.49,143.76,2.4
8/23/2018,282.601664,237.5,15.49,20.21,0.75,24.1,24.85,6,3.49,143.76,2.4
8/24/2018,279.203648,237.5,15.49,20.21,0.75,24.1,24.85,6,3.49,143.76,2.4
8/25/2018,257.2184845,237.5,15.49,20.21,0.75,24.1,24.85,6,3.49,143.76,2.4
8/26/2018,249.18784,237.5,15.49,20.21,0.75,24.1,24.85,6,3.49,143.76,2.4
8/27/2018,257.966048,237.5,15.49,20.21,0.75,24.1,24.85,6,3.49,143.76,2.4
8/28/2018,303.3012448,237.5,15.49,20.21,0.75,24.1,24.85,6,3.49,143.76,2.4
8/29/2018,305.3117376,237.5,15.49,20.21,0.75,24.1,24.85,6,3.49,143.76,2.4
8/30/2018,306.52936,237.5,15.49,20.21,0.75,24.1,24.85,6,3.49,143.76,2.4
8/31/2018,279.769984,237.5,15.49,20.21,0.75,24.1,24.85,6,3.49,143.76,2.4
9/1/2018,259.665056,237.5,19.58,18.83,0.84,24.22,25.06,6.85,3.52,151.87,2.1
9/2/2018,236.44528,237.5,19.58,18.83,0.84,24.22,25.06,6.85,3.52,151.87,2.1
9/3/2018,243.241312,237.5,19.58,18.83,0.84,24.22,25.06,6.85,3.52,151.87,2.1
9/4/2018,258.532384,237.5,19.58,18.83,0.84,24.22,25.06,6.85,3.52,151.87,2.1
9/5/2018,277.787808,237.5,19.58,18.83,0.84,24.22,25.06,6.85,3.52,151.87,2.1
9/6/2018,379.161952,237.5,19.58,18.83,0.84,24.22,25.06,6.85,3.52,151.87,2.1
9/7/2018,305.11352,237.5,19.58,18.83,0.84,24.22,25.06,6.85,3.52,151.87,2.1
9/8/2018,269.575936,237.5,19.58,18.83,0.84,24.22,25.06,6.85,3.52,151.87,2.1
9/9/2018,303.1879776,237.5,19.58,18.83,0.84,24.22,25.06,6.85,3.52,151.87,2.1
9/10/2018,283.309584,237.5,19.58,18.83,0.84,24.22,25.06,6.85,3.52,151.87,2.1
9/11/2018,253.718528,237.5,19.58,18.83,0.84,24.22,25.06,6.85,3.52,151.87,2.1
9/12/2018,287.8685888,237.5,19.58,18.83,0.84,24.22,25.06,6.85,3.52,151.87,2.1
9/13/2018,282.4317632,237.5,19.58,18.83,0.84,24.22,25.06,6.85,3.52,151.87,2.1
9/14/2018,261.080896,237.5,19.58,18.83,0.84,24.22,25.06,6.85,3.52,151.87,2.1
9/15/2018,267.59376,237.5,19.58,18.83,0.84,24.22,25.06,6.85,3.52,151.87,2.1
9/16/2018,302.98976,237.5,19.58,18.83,0.84,24.22,25.06,6.85,3.52,151.87,2.1
9/17/2018,268.726432,237.5,19.58,18.83,0.84,24.22,25.06,6.85,3.52,151.87,2.1
9/18/2018,254.8512,237.5,19.58,18.83,0.84,24.22,25.06,6.85,3.52,151.87,2.1
9/19/2018,260.797728,237.5,19.58,18.83,0.84,24.22,25.06,6.85,3.52,151.87,2.1
9/20/2018,237.577952,237.5,19.58,18.83,0.84,24.22,25.06,6.85,3.52,151.87,2.1
9/21/2018,210.393824,237.5,19.58,18.83,0.84,24.22,25.06,6.85,3.52,151.87,2.1
9/22/2018,230.498752,237.5,19.58,18.83,0.84,24.22,25.06,6.85,3.52,151.87,2.1
9/23/2018,260.7694112,237.5,19.58,18.83,0.84,24.22,25.06,6.85,3.52,151.87,2.1
9/24/2018,248.7064544,237.5,19.58,18.83,0.84,24.22,25.06,6.85,3.52,151.87,2.1
9/25/2018,234.604688,237.5,19.58,18.83,0.84,24.22,25.06,6.85,3.52,151.87,2.1
9/26/2018,238.9371584,237.5,19.58,18.83,0.84,24.22,25.06,6.85,3.52,151.87,2.1
9/27/2018,176.696832,237.5,19.58,18.83,0.84,24.22,25.06,6.85,3.52,151.87,2.1
9/28/2018,200.482944,237.5,19.58,18.83,0.84,24.22,25.06,6.85,3.52,151.87,2.1
9/29/2018,287.41552,237.5,19.58,18.83,0.84,24.22,25.06,6.85,3.52,151.87,2.1
9/30/2018,239.560128,237.5,19.58,18.83,0.84,24.22,25.06,6.85,3.52,151.87,2.1
10/1/2018,223.136384,237.5,19.58,18.83,0.84,24.22,25.06,6.85,3.52,151.87,3.4
10/2/2018,225.3734112,237.5,19.58,18.83,0.84,24.22,25.06,6.85,3.52,151.87,3.4
10/3/2018,307.23728,237.5,19.58,18.83,0.84,24.22,25.06,6.85,3.52,151.87,3.4
10/4/2018,359.057024,237.5,19.58,18.83,0.84,24.22,25.06,6.85,3.52,151.87,3.4
10/5/2018,330.457056,237.5,19.58,18.83,0.84,24.22,25.06,6.85,3.52,151.87,3.4
10/6/2018,353.96,237.5,19.58,18.83,0.84,24.22,25.06,6.85,3.52,151.87,3.4
10/7/2018,218.5773792,237.5,19.58,18.83,0.84,24.22,25.06,6.85,3.52,151.87,3.4
10/8/2018,111.568192,237.5,19.58,18.83,0.84,24.22,25.06,6.85,3.52,151.87,3.4
10/9/2018,56.916768,237.5,19.58,18.83,0.84,24.22,25.06,6.85,3.52,151.87,3.4
10/10/2018,108.736512,237.5,19.58,18.83,0.84,24.22,25.06,6.85,3.52,151.87,3.4
10/11/2018,223.70272,237.5,19.58,18.83,0.84,24.22,25.06,6.85,3.52,151.87,3.4
10/12/2018,207.845312,237.5,19.58,18.83,0.84,24.22,25.06,6.85,3.52,151.87,3.4
10/13/2018,144.698848,237.5,19.58,18.83,0.84,24.22,25.06,6.85,3.52,151.87,3.4
10/14/2018,269.575936,237.5,19.58,18.83,0.84,24.22,25.06,6.85,3.52,151.87,3.4
10/15/2018,244.657152,237.5,19.58,18.83,0.84,24.22,25.06,6.85,3.52,151.87,3.4
10/16/2018,137.902816,237.5,19.58,18.83,0.84,24.22,25.06,6.85,3.52,151.87,3.4
10/17/2018,170.8352544,237.5,19.58,18.83,0.84,24.22,25.06,6.85,3.52,151.87,3.4
10/18/2018,217.473024,237.5,19.58,18.83,0.84,24.22,25.06,6.85,3.52,151.87,3.4
10/19/2018,192.837408,237.5,19.58,18.83,0.84,24.22,25.06,6.85,3.52,151.87,3.4
10/20/2018,106.754336,237.5,19.58,18.83,0.84,24.22,25.06,6.85,3.52,151.87,3.4
10/21/2018,125.443424,237.5,19.58,18.83,0.84,24.22,25.06,6.85,3.52,151.87,3.4
10/22/2018,183.3795968,237.5,19.58,18.83,0.84,24.22,25.06,6.85,3.52,151.87,3.4
10/23/2018,267.027424,237.5,19.58,18.83,0.84,24.22,25.06,6.85,3.52,151.87,3.4
10/24/2018,281.75216,237.5,19.58,18.83,0.84,24.22,25.06,6.85,3.52,151.87,3.4
10/25/2018,228.799744,237.5,19.58,18.83,0.84,24.22,25.06,6.85,3.52,151.87,3.4
10/26/2018,189.439392,237.5,19.58,18.83,0.84,24.22,25.06,6.85,3.52,151.87,3.4
10/27/2018,125.726592,237.5,19.58,18.83,0.84,24.22,25.06,6.85,3.52,151.87,3.4
10/28/2018,198.783936,237.5,19.58,18.83,0.84,24.22,25.06,6.85,3.52,151.87,3.4
10/29/2018,309.785792,237.5,19.58,18.83,0.84,24.22,25.06,6.85,3.52,151.87,3.4
10/30/2018,214.924512,237.5,19.58,18.83,0.84,24.22,25.06,6.85,3.52,151.87,3.4
10/31/2018,217.756192,237.5,19.58,18.83,0.84,24.22,25.06,6.85,3.52,151.87,3.4
11/1/2018,237.294784,237.5,19.58,18.83,0.84,24.22,25.06,6.85,3.52,151.87,2.55
11/2/2018,237.294784,237.5,19.58,18.83,0.84,24.22,25.06,6.85,3.52,151.87,2.55
11/3/2018,193.686912,237.5,19.58,18.83,0.84,24.22,25.06,6.85,3.52,151.87,2.55
11/4/2018,139.318656,237.5,19.58,18.83,0.84,24.22,25.06,6.85,3.52,151.87,2.55
11/5/2018,142.150336,237.5,19.58,18.83,0.84,24.22,25.06,6.85,3.52,151.87,2.55
11/6/2018,179.245344,237.5,19.58,18.83,0.84,24.22,25.06,6.85,3.52,151.87,2.55
11/7/2018,129.974112,237.5,19.58,18.83,0.84,24.22,25.06,6.85,3.52,151.87,2.55
11/8/2018,137.33648,237.5,19.58,18.83,0.84,24.22,25.06,6.85,3.52,151.87,2.55
11/9/2018,118.364224,237.5,19.58,18.83,0.84,24.22,25.06,6.85,3.52,151.87,2.55
11/10/2018,121.479072,237.5,19.58,18.83,0.84,24.22,25.06,6.85,3.52,151.87,2.55
11/11/2018,260.51456,237.5,19.58,18.83,0.84,24.22,25.06,6.85,3.52,151.87,2.55
11/12/2018,319.696672,237.5,19.58,18.83,0.84,24.22,25.06,6.85,3.52,151.87,2.55
11/13/2018,311.4848,237.5,19.58,18.83,0.84,24.22,25.06,6.85,3.52,151.87,2.55
11/14/2018,252.302688,237.5,19.58,18.83,0.84,24.22,25.06,6.85,3.52,151.87,2.55
11/15/2018,212.659168,237.5,19.58,18.83,0.84,24.22,25.06,6.85,3.52,151.87,2.55
11/16/2018,184.342368,237.5,19.58,18.83,0.84,24.22,25.06,6.85,3.52,151.87,2.55
11/17/2018,219.738368,237.5,19.58,18.83,0.84,24.22,25.06,6.85,3.52,151.87,2.55
11/18/2018,238.427456,237.5,19.58,18.83,0.84,24.22,25.06,6.85,3.52,151.87,2.55
11/19/2018,225.968064,237.5,19.58,18.83,0.84,24.22,25.06,6.85,3.52,151.87,2.55
11/20/2018,203.597792,237.5,19.58,18.83,0.84,24.22,25.06,6.85,3.52,151.87,2.55
11/21/2018,244.657152,237.5,19.58,18.83,0.84,24.22,25.06,6.85,3.52,151.87,2.55
11/22/2018,380.011456,237.5,19.58,18.83,0.84,24.22,25.06,6.85,3.52,151.87,2.55
11/23/2018,424.752,237.5,19.58,18.83,0.84,24.22,25.06,6.85,3.52,151.87,2.55
11/24/2018,416.25696,237.5,19.58,18.83,0.84,24.22,25.06,6.85,3.52,151.87,2.55
11/25/2018,449.953952,237.5,19.58,18.83,0.84,24.22,25.06,6.85,3.52,151.87,2.55
11/26/2018,439.476736,237.5,19.58,18.83,0.84,24.22,25.06,6.85,3.52,151.87,2.55
11/27/2018,372.36592,237.5,19.58,18.83,0.84,24.22,25.06,6.85,3.52,151.87,2.55
11/28/2018,289.114528,237.5,19.58,18.83,0.84,24.22,25.06,6.85,3.52,151.87,2.55
11/29/2018,366.136224,237.5,19.58,18.83,0.84,24.22,25.06,6.85,3.52,151.87,2.55
11/30/2018,756.05856,237.5,19.58,18.83,0.84,24.22,25.06,6.85,3.52,151.87,2.55
12/1/2018,518.763776,265.625,21.94,12.39,1.23,25.4,26.63,11.28,2.88,110.12,1.7
12/2/2018,542.26672,265.625,21.94,12.39,1.23,25.4,26.63,11.28,2.88,110.12,1.7
12/3/2018,430.41536,265.625,21.94,12.39,1.23,25.4,26.63,11.28,2.88,110.12,1.7
12/4/2018,273.25712,265.625,21.94,12.39,1.23,25.4,26.63,11.28,2.88,110.12,1.7
12/5/2018,237.294784,265.625,21.94,12.39,1.23,25.4,26.63,11.28,2.88,110.12,1.7
12/6/2018,238.993792,265.625,21.94,12.39,1.23,25.4,26.63,11.28,2.88,110.12,1.7
12/7/2018,318.564,265.625,21.94,12.39,1.23,25.4,26.63,11.28,2.88,110.12,1.7
12/8/2018,329.89072,265.625,21.94,12.39,1.23,25.4,26.63,11.28,2.88,110.12,1.7
12/9/2018,229.5642976,265.625,21.94,12.39,1.23,25.4,26.63,11.28,2.88,110.12,1.7
12/10/2018,201.898784,265.625,21.94,12.39,1.23,25.4,26.63,11.28,2.88,110.12,1.7
12/11/2018,276.655136,265.625,21.94,12.39,1.23,25.4,26.63,11.28,2.88,110.12,1.7
12/12/2018,357.641184,265.625,21.94,12.39,1.23,25.4,26.63,11.28,2.88,110.12,1.7
12/13/2018,229.649248,265.625,21.94,12.39,1.23,25.4,26.63,11.28,2.88,110.12,1.7
12/14/2018,144.698848,265.625,21.94,12.39,1.23,25.4,26.63,11.28,2.88,110.12,1.7
12/15/2018,203.739376,265.625,21.94,12.39,1.23,25.4,26.63,11.28,2.88,110.12,1.7
12/16/2018,224.552224,265.625,21.94,12.39,1.23,25.4,26.63,11.28,2.88,110.12,1.7
12/17/2018,457.31632,265.625,21.94,12.39,1.23,25.4,26.63,11.28,2.88,110.12,1.7
12/18/2018,501.490528,265.625,21.94,12.39,1.23,25.4,26.63,11.28,2.88,110.12,1.7
12/19/2018,517.347936,265.625,21.94,12.39,1.23,25.4,26.63,11.28,2.88,110.12,1.7
12/20/2018,459.1002784,265.625,21.94,12.39,1.23,25.4,26.63,11.28,2.88,110.12,1.7
12/21/2018,391.338176,265.625,21.94,12.39,1.23,25.4,26.63,11.28,2.88,110.12,1.7
12/22/2018,396.152032,265.625,21.94,12.39,1.23,25.4,26.63,11.28,2.88,110.12,1.7
12/23/2018,370.383744,265.625,21.94,12.39,1.23,25.4,26.63,11.28,2.88,110.12,1.7
12/24/2018,302.98976,265.625,21.94,12.39,1.23,25.4,26.63,11.28,2.88,110.12,1.7
12/25/2018,513.94992,265.625,21.94,12.39,1.23,25.4,26.63,11.28,2.88,110.12,1.7
12/26/2018,753.22688,265.625,21.94,12.39,1.23,25.4,26.63,11.28,2.88,110.12,1.7
12/27/2018,778.712,265.625,21.94,12.39,1.23,25.4,26.63,11.28,2.88,110.12,1.7
12/28/2018,610.22704,265.625,21.94,12.39,1.23,25.4,26.63,11.28,2.88,110.12,1.7
12/29/2018,445.9896,265.625,21.94,12.39,1.23,25.4,26.63,11.28,2.88,110.12,1.7
12/30/2018,331.30656,265.625,21.94,12.39,1.23,25.4,26.63,11.28,2.88,110.12,1.7
12/31/2018,325.6432,265.625,21.94,12.39,1.23,25.4,26.63,11.28,2.88,110.12,1.7
1/1/2019,204.447296,289.0625,11.035,10.97,1.06,27.785,28.845,8.315,2.59,168.12,2.15
1/2/2019,195.669088,289.0625,11.035,10.97,1.06,27.785,28.845,8.315,2.59,168.12,2.15
1/3/2019,201.615616,289.0625,11.035,10.97,1.06,27.785,28.845,8.315,2.59,168.12,2.15
1/4/2019,151.778048,289.0625,11.035,10.97,1.06,27.785,28.845,8.315,2.59,168.12,2.15
1/5/2019,159.98992,289.0625,11.035,10.97,1.06,27.785,28.845,8.315,2.59,168.12,2.15
1/6/2019,499.225184,289.0625,11.035,10.97,1.06,27.785,28.845,8.315,2.59,168.12,2.15
1/7/2019,716.41504,289.0625,11.035,10.97,1.06,27.785,28.845,8.315,2.59,168.12,2.15
1/8/2019,611.076544,289.0625,11.035,10.97,1.06,27.785,28.845,8.315,2.59,168.12,2.15
1/9/2019,847.804992,289.0625,11.035,10.97,1.06,27.785,28.845,8.315,2.59,168.12,2.15
1/10/2019,1052.535456,289.0625,11.035,10.97,1.06,27.785,28.845,8.315,2.59,168.12,2.15
1/11/2019,946.913792,289.0625,11.035,10.97,1.06,27.785,28.845,8.315,2.59,168.12,2.15
1/12/2019,983.725632,289.0625,11.035,10.97,1.06,27.785,28.845,8.315,2.59,168.12,2.15
1/13/2019,904.155424,289.0625,11.035,10.97,1.06,27.785,28.845,8.315,2.59,168.12,2.15
1/14/2019,676.77152,289.0625,11.035,10.97,1.06,27.785,28.845,8.315,2.59,168.12,2.15
1/15/2019,532.0670086,289.0625,11.035,10.97,1.06,27.785,28.845,8.315,2.59,168.12,2.15
1/16/2019,580.4944,289.0625,11.035,10.97,1.06,27.785,28.845,8.315,2.59,168.12,2.15
1/17/2019,1252.735232,289.0625,11.035,10.97,1.06,27.785,28.845,8.315,2.59,168.12,2.15
1/18/2019,1676.35456,289.0625,11.035,10.97,1.06,27.785,28.845,8.315,2.59,168.12,2.15
1/19/2019,1642.3744,289.0625,11.035,10.97,1.06,27.785,28.845,8.315,2.59,168.12,2.15
1/20/2019,1633.87936,289.0625,11.035,10.97,1.06,27.785,28.845,8.315,2.59,168.12,2.15
1/21/2019,1985.00768,289.0625,11.035,10.97,1.06,27.785,28.845,8.315,2.59,168.12,2.15
1/22/2019,1993.50272,289.0625,11.035,10.97,1.06,27.785,28.845,8.315,2.59,168.12,2.15
1/23/2019,1843.42368,289.0625,11.035,10.97,1.06,27.785,28.845,8.315,2.59,168.12,2.15
1/24/2019,1682.01792,289.0625,11.035,10.97,1.06,27.785,28.845,8.315,2.59,168.12,2.15
1/25/2019,1568.75072,289.0625,11.035,10.97,1.06,27.785,28.845,8.315,2.59,168.12,2.15
1/26/2019,1394.885568,289.0625,11.035,10.97,1.06,27.785,28.845,8.315,2.59,168.12,2.15
1/27/2019,1073.489888,289.0625,11.035,10.97,1.06,27.785,28.845,8.315,2.59,168.12,2.15
1/28/2019,899.907904,289.0625,11.035,10.97,1.06,27.785,28.845,8.315,2.59,168.12,2.15
1/29/2019,816.656512,289.0625,11.035,10.97,1.06,27.785,28.845,8.315,2.59,168.12,2.15
1/30/2019,760.30608,289.0625,11.035,10.97,1.06,27.785,28.845,8.315,2.59,168.12,2.15
1/31/2019,720.379392,289.0625,11.035,10.97,1.06,27.785,28.845,8.315,2.59,168.12,2.15
2/1/2019,645.056704,312.5,0.13,9.55,0.89,30.17,31.06,5.35,2.3,226.12,2.6
2/2/2019,530.9966336,312.5,0.13,9.55,0.89,30.17,31.06,5.35,2.3,226.12,2.6
2/3/2019,797.401088,312.5,0.13,9.55,0.89,30.17,31.06,5.35,2.3,226.12,2.6
2/4/2019,1274.256,312.5,0.13,9.55,0.89,30.17,31.06,5.35,2.3,226.12,2.6
2/5/2019,1837.76032,312.5,0.13,9.55,0.89,30.17,31.06,5.35,2.3,226.12,2.6
2/6/2019,2013.32448,312.5,0.13,9.55,0.89,30.17,31.06,5.35,2.3,226.12,2.6
2/7/2019,1979.34432,312.5,0.13,9.55,0.89,30.17,31.06,5.35,2.3,226.12,2.6
2/8/2019,1732.98816,312.5,0.13,9.55,0.89,30.17,31.06,5.35,2.3,226.12,2.6
2/9/2019,1554.59232,312.5,0.13,9.55,0.89,30.17,31.06,5.35,2.3,226.12,2.6
2/10/2019,1718.82976,312.5,0.13,9.55,0.89,30.17,31.06,5.35,2.3,226.12,2.6
2/11/2019,1636.71104,312.5,0.13,9.55,0.89,30.17,31.06,5.35,2.3,226.12,2.6
2/12/2019,1350.145024,312.5,0.13,9.55,0.89,30.17,31.06,5.35,2.3,226.12,2.6
2/13/2019,1324.376736,312.5,0.13,9.55,0.89,30.17,31.06,5.35,2.3,226.12,2.6
2/14/2019,2157.74016,312.5,0.13,9.55,0.89,30.17,31.06,5.35,2.3,226.12,2.6
2/15/2019,3032.72928,312.5,0.13,9.55,0.89,30.17,31.06,5.35,2.3,226.12,2.6
2/16/2019,3383.8576,312.5,0.13,9.55,0.89,30.17,31.06,5.35,2.3,226.12,2.6
2/17/2019,4023.81728,312.5,0.13,9.55,0.89,30.17,31.06,5.35,2.3,226.12,2.6
2/18/2019,4369.28224,312.5,0.13,9.55,0.89,30.17,31.06,5.35,2.3,226.12,2.6
2/19/2019,4145.57952,312.5,0.13,9.55,0.89,30.17,31.06,5.35,2.3,226.12,2.6
2/20/2019,3607.56032,312.5,0.13,9.55,0.89,30.17,31.06,5.35,2.3,226.12,2.6
2/21/2019,3114.848,312.5,0.13,9.55,0.89,30.17,31.06,5.35,2.3,226.12,2.6
2/22/2019,2735.40288,312.5,0.13,9.55,0.89,30.17,31.06,5.35,2.3,226.12,2.6
2/23/2019,2463.5616,312.5,0.13,9.55,0.89,30.17,31.06,5.35,2.3,226.12,2.6
2/24/2019,2052.968,312.5,0.13,9.55,0.89,30.17,31.06,5.35,2.3,226.12,2.6
2/25/2019,1732.98816,312.5,0.13,9.55,0.89,30.17,31.06,5.35,2.3,226.12,2.6
2/26/2019,2069.95808,312.5,0.13,9.55,0.89,30.17,31.06,5.35,2.3,226.12,2.6
2/27/2019,3075.20448,312.5,0.13,9.55,0.89,30.17,31.06,5.35,2.3,226.12,2.6
2/28/2019,3777.46112,312.5,0.13,9.55,0.89,30.17,31.06,5.35,2.3,226.12,2.6
3/1/2019,4335.30208,296.875,0.75,13.23,0.54,19.66,20.2,4.57,1.93,272.75,5.1
3/2/2019,4833.67776,296.875,0.75,13.23,0.54,19.66,20.2,4.57,1.93,272.75,5.1
3/3/2019,5332.05344,296.875,0.75,13.23,0.54,19.66,20.2,4.57,1.93,272.75,5.1
3/4/2019,5538.76608,296.875,0.75,13.23,0.54,19.66,20.2,4.57,1.93,272.75,5.1
3/5/2019,5244.27136,296.875,0.75,13.23,0.54,19.66,20.2,4.57,1.93,272.75,5.1
3/6/2019,5133.83584,296.875,0.75,13.23,0.54,19.66,20.2,4.57,1.93,272.75,5.1
3/7/2019,5298.07328,296.875,0.75,13.23,0.54,19.66,20.2,4.57,1.93,272.75,5.1
3/8/2019,5298.07328,296.875,0.75,13.23,0.54,19.66,20.2,4.57,1.93,272.75,5.1
3/9/2019,5258.42976,296.875,0.75,13.23,0.54,19.66,20.2,4.57,1.93,272.75,5.1
3/10/2019,5153.6576,296.875,0.75,13.23,0.54,19.66,20.2,4.57,1.93,272.75,5.1
3/11/2019,5046.05376,296.875,0.75,13.23,0.54,19.66,20.2,4.57,1.93,272.75,5.1
3/12/2019,4955.44,296.875,0.75,13.23,0.54,19.66,20.2,4.57,1.93,272.75,5.1
3/13/2019,3709.5008,296.875,0.75,13.23,0.54,19.66,20.2,4.57,1.93,272.75,5.1
3/14/2019,3369.6992,296.875,0.75,13.23,0.54,19.66,20.2,4.57,1.93,272.75,5.1
3/15/2019,3058.2144,296.875,0.75,13.23,0.54,19.66,20.2,4.57,1.93,272.75,5.1
3/16/2019,2809.02656,296.875,0.75,13.23,0.54,19.66,20.2,4.57,1.93,272.75,5.1
3/17/2019,3185.64,296.875,0.75,13.23,0.54,19.66,20.2,4.57,1.93,272.75,5.1
3/18/2019,2933.62048,296.875,0.75,13.23,0.54,19.66,20.2,4.57,1.93,272.75,5.1
3/19/2019,2777.87808,296.875,0.75,13.23,0.54,19.66,20.2,4.57,1.93,272.75,5.1
3/20/2019,2715.58112,296.875,0.75,13.23,0.54,19.66,20.2,4.57,1.93,272.75,5.1
3/21/2019,2571.16544,296.875,0.75,13.23,0.54,19.66,20.2,4.57,1.93,272.75,5.1
3/22/2019,2469.22496,296.875,0.75,13.23,0.54,19.66,20.2,4.57,1.93,272.75,5.1
3/23/2019,2361.62112,296.875,0.75,13.23,0.54,19.66,20.2,4.57,1.93,272.75,5.1
3/24/2019,2276.67072,296.875,0.75,13.23,0.54,19.66,20.2,4.57,1.93,272.75,5.1
3/25/2019,2109.6016,296.875,0.75,13.23,0.54,19.66,20.2,4.57,1.93,272.75,5.1
3/26/2019,2098.27488,296.875,0.75,13.23,0.54,19.66,20.2,4.57,1.93,272.75,5.1
3/27/2019,2183.22528,296.875,0.75,13.23,0.54,19.66,20.2,4.57,1.93,272.75,5.1
3/28/2019,2347.46272,296.875,0.75,13.23,0.54,19.66,20.2,4.57,1.93,272.75,5.1
3/29/2019,2276.67072,296.875,0.75,13.23,0.54,19.66,20.2,4.57,1.93,272.75,5.1
3/30/2019,2279.5024,296.875,0.75,13.23,0.54,19.66,20.2,4.57,1.93,272.75,5.1
3/31/2019,2361.62112,296.875,0.75,13.23,0.54,19.66,20.2,4.57,1.93,272.75,5.1
4/1/2019,2514.53184,281.25,1.11,17.98,0.53,11.61,12.14,3.28,1.49,250.36,4.8
4/2/2019,2557.00704,281.25,1.11,17.98,0.53,11.61,12.14,3.28,1.49,250.36,4.8
4/3/2019,2562.6704,281.25,1.11,17.98,0.53,11.61,12.14,3.28,1.49,250.36,4.8
4/4/2019,2494.71008,281.25,1.11,17.98,0.53,11.61,12.14,3.28,1.49,250.36,4.8
4/5/2019,2605.1456,281.25,1.11,17.98,0.53,11.61,12.14,3.28,1.49,250.36,4.8
4/6/2019,2690.096,281.25,1.11,17.98,0.53,11.61,12.14,3.28,1.49,250.36,4.8
4/7/2019,2749.56128,281.25,1.11,17.98,0.53,11.61,12.14,3.28,1.49,250.36,4.8
4/8/2019,2698.59104,281.25,1.11,17.98,0.53,11.61,12.14,3.28,1.49,250.36,4.8
4/9/2019,2930.7888,281.25,1.11,17.98,0.53,11.61,12.14,3.28,1.49,250.36,4.8
4/10/2019,3004.41248,281.25,1.11,17.98,0.53,11.61,12.14,3.28,1.49,250.36,4.8
4/11/2019,2814.68992,281.25,1.11,17.98,0.53,11.61,12.14,3.28,1.49,250.36,4.8
4/12/2019,2729.73952,281.25,1.11,17.98,0.53,11.61,12.14,3.28,1.49,250.36,4.8
4/13/2019,2616.47232,281.25,1.11,17.98,0.53,11.61,12.14,3.28,1.49,250.36,4.8
4/14/2019,2588.15552,281.25,1.11,17.98,0.53,11.61,12.14,3.28,1.49,250.36,4.8
4/15/2019,2698.59104,281.25,1.11,17.98,0.53,11.61,12.14,3.28,1.49,250.36,4.8
4/16/2019,2797.69984,281.25,1.11,17.98,0.53,11.61,12.14,3.28,1.49,250.36,4.8
4/17/2019,2707.08608,281.25,1.11,17.98,0.53,11.61,12.14,3.28,1.49,250.36,4.8
4/18/2019,2503.20512,281.25,1.11,17.98,0.53,11.61,12.14,3.28,1.49,250.36,4.8
4/19/2019,2333.30432,281.25,1.11,17.98,0.53,11.61,12.14,3.28,1.49,250.36,4.8
4/20/2019,2372.94784,281.25,1.11,17.98,0.53,11.61,12.14,3.28,1.49,250.36,4.8
4/21/2019,2372.94784,281.25,1.11,17.98,0.53,11.61,12.14,3.28,1.49,250.36,4.8
4/22/2019,2248.35392,281.25,1.11,17.98,0.53,11.61,12.14,3.28,1.49,250.36,4.8
4/23/2019,2001.99776,281.25,1.11,17.98,0.53,11.61,12.14,3.28,1.49,250.36,4.8
4/24/2019,1775.46336,281.25,1.11,17.98,0.53,11.61,12.14,3.28,1.49,250.36,4.8
4/25/2019,1619.437792,281.25,1.11,17.98,0.53,11.61,12.14,3.28,1.49,250.36,4.8
4/26/2019,1544.964608,281.25,1.11,17.98,0.53,11.61,12.14,3.28,1.49,250.36,4.8
4/27/2019,1479.5528,281.25,1.11,17.98,0.53,11.61,12.14,3.28,1.49,250.36,4.8
4/28/2019,1469.64192,281.25,1.11,17.98,0.53,11.61,12.14,3.28,1.49,250.36,4.8
4/29/2019,1438.49344,281.25,1.11,17.98,0.53,11.61,12.14,3.28,1.49,250.36,4.8
4/30/2019,1568.75072,281.25,1.11,17.98,0.53,11.61,12.14,3.28,1.49,250.36,4.8
5/1/2019,1506.45376,268.75,6.42,17.42,0.53,13.11,13.64,6.07,2.38,188.51,3.5
5/2/2019,1373.3648,268.75,6.42,17.42,0.53,13.11,13.64,6.07,2.38,188.51,3.5
5/3/2019,1166.65216,268.75,6.42,17.42,0.53,13.11,13.64,6.07,2.38,188.51,3.5
5/4/2019,1020.82064,268.75,6.42,17.42,0.53,13.11,13.64,6.07,2.38,188.51,3.5
5/5/2019,1016.57312,268.75,6.42,17.42,0.53,13.11,13.64,6.07,2.38,188.51,3.5
5/6/2019,1143.99872,268.75,6.42,17.42,0.53,13.11,13.64,6.07,2.38,188.51,3.5
5/7/2019,1081.70176,268.75,6.42,17.42,0.53,13.11,13.64,6.07,2.38,188.51,3.5
5/8/2019,976.080096,268.75,6.42,17.42,0.53,13.11,13.64,6.07,2.38,188.51,3.5
5/9/2019,1009.210752,268.75,6.42,17.42,0.53,13.11,13.64,6.07,2.38,188.51,3.5
5/10/2019,1192.13728,268.75,6.42,17.42,0.53,13.11,13.64,6.07,2.38,188.51,3.5
5/11/2019,1138.33536,268.75,6.42,17.42,0.53,13.11,13.64,6.07,2.38,188.51,3.5
5/12/2019,1033.5632,268.75,6.42,17.42,0.53,13.11,13.64,6.07,2.38,188.51,3.5
5/13/2019,988.25632,268.75,6.42,17.42,0.53,13.11,13.64,6.07,2.38,188.51,3.5
5/14/2019,996.75136,268.75,6.42,17.42,0.53,13.11,13.64,6.07,2.38,188.51,3.5
5/15/2019,937.28608,268.75,6.42,17.42,0.53,13.11,13.64,6.07,2.38,188.51,3.5
5/16/2019,1093.02848,268.75,6.42,17.42,0.53,13.11,13.64,6.07,2.38,188.51,3.5
5/17/2019,1268.59264,268.75,6.42,17.42,0.53,13.11,13.64,6.07,2.38,188.51,3.5
5/18/2019,1248.77088,268.75,6.42,17.42,0.53,13.11,13.64,6.07,2.38,188.51,3.5
5/19/2019,1432.83008,268.75,6.42,17.42,0.53,13.11,13.64,6.07,2.38,188.51,3.5
5/20/2019,1452.65184,268.75,6.42,17.42,0.53,13.11,13.64,6.07,2.38,188.51,3.5
5/21/2019,1458.3152,268.75,6.42,17.42,0.53,13.11,13.64,6.07,2.38,188.51,3.5
5/22/2019,1594.23584,268.75,6.42,17.42,0.53,13.11,13.64,6.07,2.38,188.51,3.5
5/23/2019,1500.7904,268.75,6.42,17.42,0.53,13.11,13.64,6.07,2.38,188.51,3.5
5/24/2019,1429.9984,268.75,6.42,17.42,0.53,13.11,13.64,6.07,2.38,188.51,3.5
5/25/2019,1274.256,268.75,6.42,17.42,0.53,13.11,13.64,6.07,2.38,188.51,3.5
5/26/2019,1438.49344,268.75,6.42,17.42,0.53,13.11,13.64,6.07,2.38,188.51,3.5
5/27/2019,1393.18656,268.75,6.42,17.42,0.53,13.11,13.64,6.07,2.38,188.51,3.5
5/28/2019,1152.49376,268.75,6.42,17.42,0.53,13.11,13.64,6.07,2.38,188.51,3.5
5/29/2019,1160.9888,268.75,6.42,17.42,0.53,13.11,13.64,6.07,2.38,188.51,3.5
5/30/2019,1223.28576,268.75,6.42,17.42,0.53,13.11,13.64,6.07,2.38,188.51,3.5
5/31/2019,1158.15712,268.75,6.42,17.42,0.53,13.11,13.64,6.07,2.38,188.51,3.5
6/1/2019,997.884032,275,0.32,19.1,0.53,11.46,11.99,3.36,1.51,202.1,5.1
6/2/2019,1114.832416,275,0.32,19.1,0.53,11.46,11.99,3.36,1.51,202.1,5.1
6/3/2019,1308.23616,275,0.32,19.1,0.53,11.46,11.99,3.36,1.51,202.1,5.1
6/4/2019,1353.54304,275,0.32,19.1,0.53,11.46,11.99,3.36,1.51,202.1,5.1
6/5/2019,1376.19648,275,0.32,19.1,0.53,11.46,11.99,3.36,1.51,202.1,5.1
6/6/2019,1546.09728,275,0.32,19.1,0.53,11.46,11.99,3.36,1.51,202.1,5.1
6/7/2019,1684.8496,275,0.32,19.1,0.53,11.46,11.99,3.36,1.51,202.1,5.1
6/8/2019,1591.40416,275,0.32,19.1,0.53,11.46,11.99,3.36,1.51,202.1,5.1
6/9/2019,1418.67168,275,0.32,19.1,0.53,11.46,11.99,3.36,1.51,202.1,5.1
6/10/2019,1276.804512,275,0.32,19.1,0.53,11.46,11.99,3.36,1.51,202.1,5.1
6/11/2019,1158.440288,275,0.32,19.1,0.53,11.46,11.99,3.36,1.51,202.1,5.1
6/12/2019,882.351488,275,0.32,19.1,0.53,11.46,11.99,3.36,1.51,202.1,5.1
6/13/2019,797.967424,275,0.32,19.1,0.53,11.46,11.99,3.36,1.51,202.1,5.1
6/14/2019,888.864352,275,0.32,19.1,0.53,11.46,11.99,3.36,1.51,202.1,5.1
6/15/2019,782.95952,275,0.32,19.1,0.53,11.46,11.99,3.36,1.51,202.1,5.1
6/16/2019,649.87056,275,0.32,19.1,0.53,11.46,11.99,3.36,1.51,202.1,5.1
6/17/2019,566.902336,275,0.32,19.1,0.53,11.46,11.99,3.36,1.51,202.1,5.1
6/18/2019,537.736032,275,0.32,19.1,0.53,11.46,11.99,3.36,1.51,202.1,5.1
6/19/2019,593.803296,275,0.32,19.1,0.53,11.46,11.99,3.36,1.51,202.1,5.1
6/20/2019,690.92992,275,0.32,19.1,0.53,11.46,11.99,3.36,1.51,202.1,5.1
6/21/2019,734.537792,275,0.32,19.1,0.53,11.46,11.99,3.36,1.51,202.1,5.1
6/22/2019,643.357696,275,0.32,19.1,0.53,11.46,11.99,3.36,1.51,202.1,5.1
6/23/2019,439.476736,275,0.32,19.1,0.53,11.46,11.99,3.36,1.51,202.1,5.1
6/24/2019,331.872896,275,0.32,19.1,0.53,11.46,11.99,3.36,1.51,202.1,5.1
6/25/2019,359.62336,275,0.32,19.1,0.53,11.46,11.99,3.36,1.51,202.1,5.1
6/26/2019,408.611424,275,0.32,19.1,0.53,11.46,11.99,3.36,1.51,202.1,5.1
6/27/2019,421.92032,275,0.32,19.1,0.53,11.46,11.99,3.36,1.51,202.1,5.1
6/28/2019,383.69264,275,0.32,19.1,0.53,11.46,11.99,3.36,1.51,202.1,5.1
6/29/2019,299.591744,275,0.32,19.1,0.53,11.46,11.99,3.36,1.51,202.1,5.1
6/30/2019,279.486816,275,0.32,19.1,0.53,11.46,11.99,3.36,1.51,202.1,5.1
7/1/2019,265.0735648,250,9.25,19.83,0.53,17.25,17.78,4.64,2.84,174.37,2.6
7/2/2019,269.292768,250,9.25,19.83,0.53,17.25,17.78,4.64,2.84,174.37,2.6
7/3/2019,271.558112,250,9.25,19.83,0.53,17.25,17.78,4.64,2.84,174.37,2.6
7/4/2019,270.991776,250,9.25,19.83,0.53,17.25,17.78,4.64,2.84,174.37,2.6
7/5/2019,303.5277792,250,9.25,19.83,0.53,17.25,17.78,4.64,2.84,174.37,2.6
7/6/2019,288.83136,250,9.25,19.83,0.53,17.25,17.78,4.64,2.84,174.37,2.6
7/7/2019,277.50464,250,9.25,19.83,0.53,17.25,17.78,4.64,2.84,174.37,2.6
7/8/2019,309.9840096,250,9.25,19.83,0.53,17.25,17.78,4.64,2.84,174.37,2.6
7/9/2019,262.213568,250,9.25,19.83,0.53,17.25,17.78,4.64,2.84,174.37,2.6
7/10/2019,228.516576,250,9.25,19.83,0.53,17.25,17.78,4.64,2.84,174.37,2.6
7/11/2019,220.587872,250,9.25,19.83,0.53,17.25,17.78,4.64,2.84,174.37,2.6
7/12/2019,210.393824,250,9.25,19.83,0.53,17.25,17.78,4.64,2.84,174.37,2.6
7/13/2019,212.092832,250,9.25,19.83,0.53,17.25,17.78,4.64,2.84,174.37,2.6
7/14/2019,244.090816,250,9.25,19.83,0.53,17.25,17.78,4.64,2.84,174.37,2.6
7/15/2019,226.817568,250,9.25,19.83,0.53,17.25,17.78,4.64,2.84,174.37,2.6
7/16/2019,216.906688,250,9.25,19.83,0.53,17.25,17.78,4.64,2.84,174.37,2.6
7/17/2019,227.95024,250,9.25,19.83,0.53,17.25,17.78,4.64,2.84,174.37,2.6
7/18/2019,193.120576,250,9.25,19.83,0.53,17.25,17.78,4.64,2.84,174.37,2.6
7/19/2019,215.490848,250,9.25,19.83,0.53,17.25,17.78,4.64,2.84,174.37,2.6
7/20/2019,269.0096,250,9.25,19.83,0.53,17.25,17.78,4.64,2.84,174.37,2.6
7/21/2019,290.1905664,250,9.25,19.83,0.53,17.25,17.78,4.64,2.84,174.37,2.6
7/22/2019,263.34624,250,9.25,19.83,0.53,17.25,17.78,4.64,2.84,174.37,2.6
7/23/2019,249.754176,250,9.25,19.83,0.53,17.25,17.78,4.64,2.84,174.37,2.6
7/24/2019,228.233408,250,9.25,19.83,0.53,17.25,17.78,4.64,2.84,174.37,2.6
7/25/2019,189.439392,250,9.25,19.83,0.53,17.25,17.78,4.64,2.84,174.37,2.6
7/26/2019,205.2968,250,9.25,19.83,0.53,17.25,17.78,4.64,2.84,174.37,2.6
7/27/2019,224.835392,250,9.25,19.83,0.53,17.25,17.78,4.64,2.84,174.37,2.6
7/28/2019,201.332448,250,9.25,19.83,0.53,17.25,17.78,4.64,2.84,174.37,2.6
7/29/2019,244.090816,250,9.25,19.83,0.53,17.25,17.78,4.64,2.84,174.37,2.6
7/30/2019,292.229376,250,9.25,19.83,0.53,17.25,17.78,4.64,2.84,174.37,2.6
7/31/2019,268.6131648,250,9.25,19.83,0.53,17.25,17.78,4.64,2.84,174.37,2.6
8/1/2019,263.3632301,240.625,11.75,21,0.52,12.97,13.49,2.95,2.54,154.1,4.2
8/2/2019,279.8832512,240.625,11.75,21,0.52,12.97,13.49,2.95,2.54,154.1,4.2
8/3/2019,252.9114992,240.625,11.75,21,0.52,12.97,13.49,2.95,2.54,154.1,4.2
8/4/2019,257.966048,240.625,11.75,21,0.52,12.97,13.49,2.95,2.54,154.1,4.2
8/5/2019,264.76208,240.625,11.75,21,0.52,12.97,13.49,2.95,2.54,154.1,4.2
8/6/2019,239.560128,240.625,11.75,21,0.52,12.97,13.49,2.95,2.54,154.1,4.2
8/7/2019,14.0734496,240.625,11.75,21,0.52,12.97,13.49,2.95,2.54,154.1,4.2
8/8/2019,66.261312,240.625,11.75,21,0.52,12.97,13.49,2.95,2.54,154.1,4.2
8/9/2019,81.269216,240.625,11.75,21,0.52,12.97,13.49,2.95,2.54,154.1,4.2
8/10/2019,125.726592,240.625,11.75,21,0.52,12.97,13.49,2.95,2.54,154.1,4.2
8/11/2019,193.97008,240.625,11.75,21,0.52,12.97,13.49,2.95,2.54,154.1,4.2
8/12/2019,171.033472,240.625,11.75,21,0.52,12.97,13.49,2.95,2.54,154.1,4.2
8/13/2019,116.09888,240.625,11.75,21,0.52,12.97,13.49,2.95,2.54,154.1,4.2
8/14/2019,80.419712,240.625,11.75,21,0.52,12.97,13.49,2.95,2.54,154.1,4.2
8/15/2019,3.7661344,240.625,11.75,21,0.52,12.97,13.49,2.95,2.54,154.1,4.2
8/16/2019,216.906688,240.625,11.75,21,0.52,12.97,13.49,2.95,2.54,154.1,4.2
8/17/2019,255.417536,240.625,11.75,21,0.52,12.97,13.49,2.95,2.54,154.1,4.2
8/18/2019,435.229216,240.625,11.75,21,0.52,12.97,13.49,2.95,2.54,154.1,4.2
8/19/2019,439.759904,240.625,11.75,21,0.52,12.97,13.49,2.95,2.54,154.1,4.2
8/20/2019,338.952096,240.625,11.75,21,0.52,12.97,13.49,2.95,2.54,154.1,4.2
8/21/2019,288.83136,240.625,11.75,21,0.52,12.97,13.49,2.95,2.54,154.1,4.2
8/22/2019,250.886848,240.625,11.75,21,0.52,12.97,13.49,2.95,2.54,154.1,4.2
8/23/2019,249.754176,240.625,11.75,21,0.52,12.97,13.49,2.95,2.54,154.1,4.2
8/24/2019,322.81152,240.625,11.75,21,0.52,12.97,13.49,2.95,2.54,154.1,4.2
8/25/2019,305.82144,240.625,11.75,21,0.52,12.97,13.49,2.95,2.54,154.1,4.2
8/26/2019,280.902656,240.625,11.75,21,0.52,12.97,13.49,2.95,2.54,154.1,4.2
8/27/2019,259.381888,240.625,11.75,21,0.52,12.97,13.49,2.95,2.54,154.1,4.2
8/28/2019,294.49472,240.625,11.75,21,0.52,12.97,13.49,2.95,2.54,154.1,4.2
8/29/2019,457.882656,240.625,11.75,21,0.52,12.97,13.49,2.95,2.54,154.1,4.2
8/30/2019,447.971776,240.625,11.75,21,0.52,12.97,13.49,2.95,2.54,154.1,4.2
8/31/2019,415.973792,240.625,11.75,21,0.52,12.97,13.49,2.95,2.54,154.1,4.2
9/1/2019,449.104448,246.875,8.59,21,0.7,19.65,20.35,5.21,2.9,188.36,3.8
9/2/2019,367.835232,246.875,8.59,21,0.7,19.65,20.35,5.21,2.9,188.36,3.8
9/3/2019,285.99968,246.875,8.59,21,0.7,19.65,20.35,5.21,2.9,188.36,3.8
9/4/2019,267.59376,246.875,8.59,21,0.7,19.65,20.35,5.21,2.9,188.36,3.8
9/5/2019,300.15808,246.875,8.59,21,0.7,19.65,20.35,5.21,2.9,188.36,3.8
9/6/2019,331.30656,246.875,8.59,21,0.7,19.65,20.35,5.21,2.9,188.36,3.8
9/7/2019,319.97984,246.875,8.59,21,0.7,19.65,20.35,5.21,2.9,188.36,3.8
9/8/2019,402.09856,246.875,8.59,21,0.7,19.65,20.35,5.21,2.9,188.36,3.8
9/9/2019,317.14816,246.875,8.59,21,0.7,19.65,20.35,5.21,2.9,188.36,3.8
9/10/2019,362.45504,246.875,8.59,21,0.7,19.65,20.35,5.21,2.9,188.36,3.8
9/11/2019,425.601504,246.875,8.59,21,0.7,19.65,20.35,5.21,2.9,188.36,3.8
9/12/2019,283.168,246.875,8.59,21,0.7,19.65,20.35,5.21,2.9,188.36,3.8
9/13/2019,243.52448,246.875,8.59,21,0.7,19.65,20.35,5.21,2.9,188.36,3.8
9/14/2019,237.86112,246.875,8.59,21,0.7,19.65,20.35,5.21,2.9,188.36,3.8
9/15/2019,280.902656,246.875,8.59,21,0.7,19.65,20.35,5.21,2.9,188.36,3.8
9/16/2019,342.63328,246.875,8.59,21,0.7,19.65,20.35,5.21,2.9,188.36,3.8
9/17/2019,308.65312,246.875,8.59,21,0.7,19.65,20.35,5.21,2.9,188.36,3.8
9/18/2019,334.13824,246.875,8.59,21,0.7,19.65,20.35,5.21,2.9,188.36,3.8
9/19/2019,395.868864,246.875,8.59,21,0.7,19.65,20.35,5.21,2.9,188.36,3.8
9/20/2019,308.65312,246.875,8.59,21,0.7,19.65,20.35,5.21,2.9,188.36,3.8
9/21/2019,285.99968,246.875,8.59,21,0.7,19.65,20.35,5.21,2.9,188.36,3.8
9/22/2019,277.221472,246.875,8.59,21,0.7,19.65,20.35,5.21,2.9,188.36,3.8
9/23/2019,302.98976,246.875,8.59,21,0.7,19.65,20.35,5.21,2.9,188.36,3.8
9/24/2019,260.51456,246.875,8.59,21,0.7,19.65,20.35,5.21,2.9,188.36,3.8
9/25/2019,203.597792,246.875,8.59,21,0.7,19.65,20.35,5.21,2.9,188.36,3.8
9/26/2019,192.271072,246.875,8.59,21,0.7,19.65,20.35,5.21,2.9,188.36,3.8
9/27/2019,297.4113504,246.875,8.59,21,0.7,19.65,20.35,5.21,2.9,188.36,3.8
9/28/2019,380.86096,246.875,8.59,21,0.7,19.65,20.35,5.21,2.9,188.36,3.8
9/29/2019,442.025248,246.875,8.59,21,0.7,19.65,20.35,5.21,2.9,188.36,3.8
9/30/2019,404.647072,246.875,8.59,21,0.7,19.65,20.35,5.21,2.9,188.36,3.8
10/1/2019,265.045248,253.125,14.15,17.34,0.68,18.17,18.85,5.78,2.54,163.03,2.4
10/2/2019,238.427456,253.125,14.15,17.34,0.68,18.17,18.85,5.78,2.54,163.03,2.4
10/3/2019,251.736352,253.125,14.15,17.34,0.68,18.17,18.85,5.78,2.54,163.03,2.4
10/4/2019,297.3264,253.125,14.15,17.34,0.68,18.17,18.85,5.78,2.54,163.03,2.4
10/5/2019,383.69264,253.125,14.15,17.34,0.68,18.17,18.85,5.78,2.54,163.03,2.4
10/6/2019,361.0392,253.125,14.15,17.34,0.68,18.17,18.85,5.78,2.54,163.03,2.4
10/7/2019,254.8512,253.125,14.15,17.34,0.68,18.17,18.85,5.78,2.54,163.03,2.4
10/8/2019,218.03936,253.125,14.15,17.34,0.68,18.17,18.85,5.78,2.54,163.03,2.4
10/9/2019,377.179776,253.125,14.15,17.34,0.68,18.17,18.85,5.78,2.54,163.03,2.4
10/10/2019,402.948064,253.125,14.15,17.34,0.68,18.17,18.85,5.78,2.54,163.03,2.4
10/11/2019,299.591744,253.125,14.15,17.34,0.68,18.17,18.85,5.78,2.54,163.03,2.4
10/12/2019,255.700704,253.125,14.15,17.34,0.68,18.17,18.85,5.78,2.54,163.03,2.4
10/13/2019,225.11856,253.125,14.15,17.34,0.68,18.17,18.85,5.78,2.54,163.03,2.4
10/14/2019,269.859104,253.125,14.15,17.34,0.68,18.17,18.85,5.78,2.54,163.03,2.4
10/15/2019,116.382048,253.125,14.15,17.34,0.68,18.17,18.85,5.78,2.54,163.03,2.4
10/16/2019,15.5176064,253.125,14.15,17.34,0.68,18.17,18.85,5.78,2.54,163.03,2.4
10/17/2019,64.562304,253.125,14.15,17.34,0.68,18.17,18.85,5.78,2.54,163.03,2.4
10/18/2019,134.787968,253.125,14.15,17.34,0.68,18.17,18.85,5.78,2.54,163.03,2.4
10/19/2019,136.770144,253.125,14.15,17.34,0.68,18.17,18.85,5.78,2.54,163.03,2.4
10/20/2019,174.714656,253.125,14.15,17.34,0.68,18.17,18.85,5.78,2.54,163.03,2.4
10/21/2019,197.084928,253.125,14.15,17.34,0.68,18.17,18.85,5.78,2.54,163.03,2.4
10/22/2019,143.566176,253.125,14.15,17.34,0.68,18.17,18.85,5.78,2.54,163.03,2.4
10/23/2019,62.29696,253.125,14.15,17.34,0.68,18.17,18.85,5.78,2.54,163.03,2.4
10/24/2019,84.667232,253.125,14.15,17.34,0.68,18.17,18.85,5.78,2.54,163.03,2.4
10/25/2019,59.46528,253.125,14.15,17.34,0.68,18.17,18.85,5.78,2.54,163.03,2.4
10/26/2019,182.077024,253.125,14.15,17.34,0.68,18.17,18.85,5.78,2.54,163.03,2.4
10/27/2019,215.20768,253.125,14.15,17.34,0.68,18.17,18.85,5.78,2.54,163.03,2.4
10/28/2019,178.679008,253.125,14.15,17.34,0.68,18.17,18.85,5.78,2.54,163.03,2.4
10/29/2019,253.718528,253.125,14.15,17.34,0.68,18.17,18.85,5.78,2.54,163.03,2.4
10/30/2019,335.837248,253.125,14.15,17.34,0.68,18.17,18.85,5.78,2.54,163.03,2.4
10/31/2019,219.738368,253.125,14.15,17.34,0.68,18.17,18.85,5.78,2.54,163.03,2.4
11/1/2019,206.995808,250,18.84,14.76,0.81,21.32,22.13,9.64,2.69,121.94,2.6
11/2/2019,265.611584,250,18.84,14.76,0.81,21.32,22.13,9.64,2.69,121.94,2.6
11/3/2019,266.17792,250,18.84,14.76,0.81,21.32,22.13,9.64,2.69,121.94,2.6
11/4/2019,295.344224,250,18.84,14.76,0.81,21.32,22.13,9.64,2.69,121.94,2.6
11/5/2019,227.100736,250,18.84,14.76,0.81,21.32,22.13,9.64,2.69,121.94,2.6
11/6/2019,116.7501664,250,18.84,14.76,0.81,21.32,22.13,9.64,2.69,121.94,2.6
11/7/2019,147.813696,250,18.84,14.76,0.81,21.32,22.13,9.64,2.69,121.94,2.6
11/8/2019,195.669088,250,18.84,14.76,0.81,21.32,22.13,9.64,2.69,121.94,2.6
11/9/2019,157.441408,250,18.84,14.76,0.81,21.32,22.13,9.64,2.69,121.94,2.6
11/10/2019,167.635456,250,18.84,14.76,0.81,21.32,22.13,9.64,2.69,121.94,2.6
11/11/2019,205.579968,250,18.84,14.76,0.81,21.32,22.13,9.64,2.69,121.94,2.6
11/12/2019,142.716672,250,18.84,14.76,0.81,21.32,22.13,9.64,2.69,121.94,2.6
11/13/2019,72.491008,250,18.84,14.76,0.81,21.32,22.13,9.64,2.69,121.94,2.6
11/14/2019,118.081056,250,18.84,14.76,0.81,21.32,22.13,9.64,2.69,121.94,2.6
11/15/2019,144.132512,250,18.84,14.76,0.81,21.32,22.13,9.64,2.69,121.94,2.6
11/16/2019,138.75232,250,18.84,14.76,0.81,21.32,22.13,9.64,2.69,121.94,2.6
11/17/2019,141.867168,250,18.84,14.76,0.81,21.32,22.13,9.64,2.69,121.94,2.6
11/18/2019,107.887008,250,18.84,14.76,0.81,21.32,22.13,9.64,2.69,121.94,2.6
11/19/2019,117.51472,250,18.84,14.76,0.81,21.32,22.13,9.64,2.69,121.94,2.6
11/20/2019,300.724416,250,18.84,14.76,0.81,21.32,22.13,9.64,2.69,121.94,2.6
11/21/2019,341.21744,250,18.84,14.76,0.81,21.32,22.13,9.64,2.69,121.94,2.6
11/22/2019,260.231392,250,18.84,14.76,0.81,21.32,22.13,9.64,2.69,121.94,2.6
11/23/2019,203.597792,250,18.84,14.76,0.81,21.32,22.13,9.64,2.69,121.94,2.6
11/24/2019,148.096864,250,18.84,14.76,0.81,21.32,22.13,9.64,2.69,121.94,2.6
11/25/2019,109.9541344,250,18.84,14.76,0.81,21.32,22.13,9.64,2.69,121.94,2.6
11/26/2019,34.263328,250,18.84,14.76,0.81,21.32,22.13,9.64,2.69,121.94,2.6
11/27/2019,70.225664,250,18.84,14.76,0.81,21.32,22.13,9.64,2.69,121.94,2.6
11/28/2019,174.6013888,250,18.84,14.76,0.81,21.32,22.13,9.64,2.69,121.94,2.6
11/29/2019,288.265024,250,18.84,14.76,0.81,21.32,22.13,9.64,2.69,121.94,2.6
11/30/2019,317.714496,250,18.84,14.76,0.81,21.32,22.13,9.64,2.69,121.94,2.6
12/1/2019,215.490848,287.5,13.93,11.48,0.97,29.52,30.49,15.35,2.52,155.86,2.8
12/2/2019,453.0688,287.5,13.93,11.48,0.97,29.52,30.49,15.35,2.52,155.86,2.8
12/3/2019,453.0688,287.5,13.93,11.48,0.97,29.52,30.49,15.35,2.52,155.86,2.8
12/4/2019,441.74208,287.5,13.93,11.48,0.97,29.52,30.49,15.35,2.52,155.86,2.8
12/5/2019,436.07872,287.5,13.93,11.48,0.97,29.52,30.49,15.35,2.52,155.86,2.8
12/6/2019,339.8016,287.5,13.93,11.48,0.97,29.52,30.49,15.35,2.52,155.86,2.8
12/7/2019,362.45504,287.5,13.93,11.48,0.97,29.52,30.49,15.35,2.52,155.86,2.8
12/8/2019,470.05888,287.5,13.93,11.48,0.97,29.52,30.49,15.35,2.52,155.86,2.8
12/9/2019,464.39552,287.5,13.93,11.48,0.97,29.52,30.49,15.35,2.52,155.86,2.8
12/10/2019,492.71232,287.5,13.93,11.48,0.97,29.52,30.49,15.35,2.52,155.86,2.8
12/11/2019,472.89056,287.5,13.93,11.48,0.97,29.52,30.49,15.35,2.52,155.86,2.8
12/12/2019,546.797408,287.5,13.93,11.48,0.97,29.52,30.49,15.35,2.52,155.86,2.8
12/13/2019,419.371808,287.5,13.93,11.48,0.97,29.52,30.49,15.35,2.52,155.86,2.8
12/14/2019,396.4352,287.5,13.93,11.48,0.97,29.52,30.49,15.35,2.52,155.86,2.8
12/15/2019,627.500288,287.5,13.93,11.48,0.97,29.52,30.49,15.35,2.52,155.86,2.8
12/16/2019,593.23696,287.5,13.93,11.48,0.97,29.52,30.49,15.35,2.52,155.86,2.8
12/17/2019,396.4352,287.5,13.93,11.48,0.97,29.52,30.49,15.35,2.52,155.86,2.8
12/18/2019,370.95008,287.5,13.93,11.48,0.97,29.52,30.49,15.35,2.52,155.86,2.8
12/19/2019,392.3575808,287.5,13.93,11.48,0.97,29.52,30.49,15.35,2.52,155.86,2.8
12/20/2019,322.81152,287.5,13.93,11.48,0.97,29.52,30.49,15.35,2.52,155.86,2.8
12/21/2019,230.78192,287.5,13.93,11.48,0.97,29.52,30.49,15.35,2.52,155.86,2.8
12/22/2019,275.522464,287.5,13.93,11.48,0.97,29.52,30.49,15.35,2.52,155.86,2.8
12/23/2019,373.78176,287.5,13.93,11.48,0.97,29.52,30.49,15.35,2.52,155.86,2.8
12/24/2019,385.10848,287.5,13.93,11.48,0.97,29.52,30.49,15.35,2.52,155.86,2.8
12/25/2019,430.41536,287.5,13.93,11.48,0.97,29.52,30.49,15.35,2.52,155.86,2.8
12/26/2019,413.42528,287.5,13.93,11.48,0.97,29.52,30.49,15.35,2.52,155.86,2.8
12/27/2019,424.8106158,287.5,13.93,11.48,0.97,29.52,30.49,15.35,2.52,155.86,2.8
12/28/2019,436.645056,287.5,13.93,11.48,0.97,29.52,30.49,15.35,2.52,155.86,2.8
12/29/2019,387.94016,287.5,13.93,11.48,0.97,29.52,30.49,15.35,2.52,155.86,2.8
12/30/2019,376.61344,287.5,13.93,11.48,0.97,29.52,30.49,15.35,2.52,155.86,2.8
12/31/2019,379.44512,287.5,13.93,11.48,0.97,29.52,30.49,15.35,2.52,155.86,2.8
